Unit RID2079:,,,,,,
Received,Water Level m,Water temp C,TL Battery V,Rain2 mm,Air Temp Analog C,Rain_V mm
12/29/2021 18:00,3.6492,,,,,
12/28/2021 18:00,3.8902,,,,,
12/27/2021 18:00,4.2078,,,,,
12/26/2021 18:00,4.7756,,,,,
12/25/2021 18:00,5.1412,,,,,
12/24/2021 18:00,5.187,,,,,
12/23/2021 18:00,5.4016,,,,,
12/22/2021 18:00,5.418,,,,,
12/21/2021 18:00,5.1849,,,,,
12/20/2021 18:00,5.267,,,,,
12/19/2021 18:00,5.4561,,,,,
12/18/2021 18:00,5.5579,,,,,
12/17/2021 18:00,5.7421,,,,,
12/16/2021 18:00,6.0344,,,,,
12/15/2021 18:00,5.9791,,,,,
12/15/2021 15:36,6.049,,,,,
12/15/2021 15:28,6.0658,,,,,
12/15/2021 15:19,6.1407,,,,,
12/15/2021 15:18,6.1298,,,,,
12/15/2021 15:18,6.1211,,,,,
12/15/2021 15:17,6.1158,,,,,
12/15/2021 15:11,5.9718,,,,,
12/15/2021 13:00,3.95335 **Estimated,,,,,
12/15/2021 12:00,2.944575 **Estimated,,,,,
12/15/2021 11:00,1.9358,,,,,
12/15/2021 10:00,1.9378,,,,,
12/15/2021 9:00,1.9392,,,,,
12/15/2021 8:00,1.9399,,,,,
12/15/2021 7:00,1.9421,,,,,
12/15/2021 6:00,1.9439,,,,,
12/15/2021 5:00,1.945,,,,,
12/15/2021 4:00,1.948,,,,,
12/15/2021 3:00,1.9493,,,,,
12/15/2021 2:00,1.952,,,,,
12/15/2021 1:00,1.9557,,,,,
12/15/2021 0:00,1.9564,,,,,
12/14/2021 23:00,1.9612,,,,,
12/14/2021 22:00,1.9667,,,,,
12/14/2021 21:00,1.9698,,,,,
12/14/2021 20:00,1.9729,,,,,
12/14/2021 19:00,1.9775,,,,,
12/14/2021 18:00,1.9813,,,,,
12/14/2021 17:00,1.9862,,,,,
12/14/2021 16:00,1.991,,,,,
12/14/2021 15:00,1.9951,,,,,
12/14/2021 14:00,1.9989,,,,,
12/14/2021 13:00,2.0017,,,,,
12/14/2021 12:00,2.0092,,,,,
12/14/2021 11:00,2.0134,,,,,
12/14/2021 10:00,2.0185,,,,,
12/14/2021 9:00,2.0258,,,,,
12/14/2021 8:00,2.03,,,,,
12/14/2021 7:00,2.0383,,,,,
12/14/2021 6:00,2.0427,,,,,
12/14/2021 5:00,2.0446,,,,,
12/14/2021 4:00,2.0463,,,,,
12/14/2021 3:00,2.0493,,,,,
12/14/2021 2:00,2.0532,,,,,
12/14/2021 1:00,2.0573,,,,,
12/14/2021 0:00,2.0613,,,,,
12/13/2021 23:00,2.0654,,,,,
12/13/2021 22:00,2.0641,,,,,
12/13/2021 21:00,2.0712,,,,,
12/13/2021 20:00,2.0722,,,,,
12/13/2021 19:00,2.0784,,,,,
12/13/2021 18:00,2.0831,,,,,
12/13/2021 17:00,2.0879,,,,,
12/13/2021 16:00,2.0917,,,,,
12/13/2021 15:00,2.0954,,,,,
12/13/2021 14:00,2.1036,,,,,
12/13/2021 13:00,2.1102,,,,,
12/13/2021 12:00,2.1171,,,,,
12/13/2021 11:00,2.1219,,,,,
12/13/2021 10:00,2.1247,,,,,
12/13/2021 9:00,2.1286,,,,,
12/13/2021 8:00,2.1323,,,,,
12/13/2021 7:00,2.1325,,,,,
12/13/2021 6:00,2.1373,,,,,
12/13/2021 5:00,2.1396,,,,,
12/13/2021 4:00,2.1493,,,,,
12/13/2021 3:00,2.1554,,,,,
12/13/2021 2:00,2.1655,,,,,
12/13/2021 1:00,2.1747,,,,,
12/13/2021 0:00,2.189,,,,,
12/12/2021 23:00,2.1999,,,,,
12/12/2021 22:00,2.2079,,,,,
12/12/2021 21:00,2.2209,,,,,
12/12/2021 20:00,2.2332,,,,,
12/12/2021 19:00,2.2417,,,,,
12/12/2021 18:00,2.2545,,,,,
12/12/2021 17:00,2.2667,,,,,
12/12/2021 16:00,2.2794,,,,,
12/12/2021 15:00,2.2892,,,,,
12/12/2021 14:00,2.3018,,,,,
12/12/2021 13:00,2.3129,,,,,
12/12/2021 12:00,2.328,,,,,
12/12/2021 11:00,2.3436,,,,,
12/12/2021 10:00,2.3615,,,,,
12/12/2021 9:00,2.3773,,,,,
12/12/2021 8:00,2.3963,,,,,
12/12/2021 7:00,2.42,,,,,
12/12/2021 6:00,2.4357,,,,,
12/12/2021 5:00,2.4641,,,,,
12/12/2021 4:00,2.4828,,,,,
12/12/2021 3:00,2.5099,,,,,
12/12/2021 2:00,2.5354,,,,,
12/12/2021 1:00,2.5593,,,,,
12/12/2021 0:00,2.5854,,,,,
12/11/2021 23:00,2.6137,,,,,
12/11/2021 22:00,2.6403,,,,,
12/11/2021 21:00,2.6837,,,,,
12/11/2021 20:00,2.7165,,,,,
12/11/2021 19:00,2.7531,,,,,
12/11/2021 18:00,2.7878,,,,,
12/11/2021 17:00,2.8338,,,,,
12/11/2021 16:00,2.8706,,,,,
12/11/2021 15:00,2.9251,,,,,
12/11/2021 14:00,2.9724,,,,,
12/11/2021 13:00,3.0569,,,,,
12/11/2021 12:00,3.1228,,,,,
12/11/2021 11:00,3.2227,,,,,
12/11/2021 10:00,3.31,,,,,
12/11/2021 9:00,3.4015,,,,,
12/11/2021 8:00,3.4751,,,,,
12/11/2021 7:00,3.5405,,,,,
12/11/2021 6:00,3.5622,,,,,
12/11/2021 5:00,3.5973,,,,,
12/11/2021 4:00,3.5865,,,,,
12/11/2021 3:00,3.5301,,,,,
12/11/2021 2:00,3.3682,,,,,
12/11/2021 1:00,3.131,,,,,
12/11/2021 0:00,2.8983,,,,,
12/10/2021 23:00,2.6483,,,,,
12/10/2021 22:00,2.4429,,,,,
12/10/2021 21:00,2.2588,,,,,
12/10/2021 20:00,2.0786,,,,,
12/10/2021 19:00,1.9613,,,,,
12/10/2021 18:00,1.8906,,,,,
12/10/2021 17:00,1.8494,,,,,
12/10/2021 16:00,1.8256,,,,,
12/10/2021 15:00,1.8134,,,,,
12/10/2021 14:00,1.8033,,,,,
12/10/2021 13:00,1.7979,,,,,
12/10/2021 12:00,1.7928,,,,,
12/10/2021 11:00,1.7934,,,,,
12/10/2021 10:00,1.7954,,,,,
12/10/2021 9:00,1.7974,,,,,
12/10/2021 8:00,1.7999,,,,,
12/10/2021 7:00,1.8035,,,,,
12/10/2021 6:00,1.8065,,,,,
12/10/2021 5:00,1.8091,,,,,
12/10/2021 4:00,1.8132,,,,,
12/10/2021 3:00,1.8153,,,,,
12/10/2021 2:00,1.8202,,,,,
12/10/2021 1:00,1.8225,,,,,
12/10/2021 0:00,1.8271,,,,,
12/9/2021 23:00,1.832,,,,,
12/9/2021 22:00,1.8341,,,,,
12/9/2021 21:00,1.8363,,,,,
12/9/2021 20:00,1.8419,,,,,
12/9/2021 19:00,1.8442,,,,,
12/9/2021 18:00,1.8488,,,,,
12/9/2021 17:00,1.8546,,,,,
12/9/2021 16:00,1.8588,,,,,
12/9/2021 15:00,1.8611,,,,,
12/9/2021 14:00,1.8715,,,,,
12/9/2021 13:00,1.8659,,,,,
12/9/2021 12:00,1.875,,,,,
12/9/2021 11:00,1.8786,,,,,
12/9/2021 10:00,1.8822,,,,,
12/9/2021 9:00,1.8888,,,,,
12/9/2021 8:00,1.8918,,,,,
12/9/2021 7:00,1.8956,,,,,
12/9/2021 6:00,1.8994,,,,,
12/9/2021 5:00,1.9031,,,,,
12/9/2021 4:00,1.9093,,,,,
12/9/2021 3:00,1.913,,,,,
12/9/2021 2:00,1.9205,,,,,
12/9/2021 1:00,1.9265,,,,,
12/9/2021 0:00,1.9322,,,,,
12/8/2021 23:00,1.9377,,,,,
12/8/2021 22:00,1.9456,,,,,
12/8/2021 21:00,1.9539,,,,,
12/8/2021 20:00,1.9604,,,,,
12/8/2021 19:00,1.9684,,,,,
12/8/2021 18:00,1.977,,,,,
12/8/2021 17:00,1.9855,,,,,
12/8/2021 16:00,1.993,,,,,
12/8/2021 15:00,2.0021,,,,,
12/8/2021 14:00,2.0172,,,,,
12/8/2021 13:00,2.0052,,,,,
12/8/2021 12:00,2.0188,,,,,
12/8/2021 11:00,2.0272,,,,,
12/8/2021 10:00,2.0307,,,,,
12/8/2021 9:00,2.0289,,,,,
12/8/2021 8:00,2.0222,,,,,
12/8/2021 7:00,2.0089,,,,,
12/8/2021 6:00,1.9939,,,,,
12/8/2021 5:00,1.9764,,,,,
12/8/2021 4:00,1.9535,,,,,
12/8/2021 3:00,1.935,,,,,
12/8/2021 2:00,1.918,,,,,
12/8/2021 1:00,1.9006,,,,,
12/8/2021 0:00,1.8796,,,,,
12/7/2021 23:00,1.8572,,,,,
12/7/2021 22:00,1.8446,,,,,
12/7/2021 21:00,1.8287,,,,,
12/7/2021 20:00,1.814,,,,,
12/7/2021 19:00,1.8059,,,,,
12/7/2021 18:00,1.7993,,,,,
12/7/2021 17:00,1.7957,,,,,
12/7/2021 16:00,1.7936,,,,,
12/7/2021 15:00,1.7916,,,,,
12/7/2021 14:00,1.7911,,,,,
12/7/2021 13:00,1.7919,,,,,
12/7/2021 12:00,1.7916,,,,,
12/7/2021 11:00,1.7922,,,,,
12/7/2021 10:00,1.7942,,,,,
12/7/2021 9:00,1.7964,,,,,
12/7/2021 8:00,1.7987,,,,,
12/7/2021 7:00,1.7997,,,,,
12/7/2021 6:00,1.8021,,,,,
12/7/2021 5:00,1.8056,,,,,
12/7/2021 4:00,1.8069,,,,,
12/7/2021 3:00,1.8096,,,,,
12/7/2021 2:00,1.8135,,,,,
12/7/2021 1:00,1.8151,,,,,
12/7/2021 0:00,1.8177,,,,,
12/6/2021 23:00,1.8217,,,,,
12/6/2021 22:00,1.8239,,,,,
12/6/2021 21:00,1.8275,,,,,
12/6/2021 20:00,1.8307,,,,,
12/6/2021 19:00,1.8316,,,,,
12/6/2021 18:00,1.833,,,,,
12/6/2021 17:00,1.836,,,,,
12/6/2021 16:00,1.8383,,,,,
12/6/2021 15:00,1.8404,,,,,
12/6/2021 14:00,1.8429,,,,,
12/6/2021 13:00,1.8451,,,,,
12/6/2021 12:00,1.8464,,,,,
12/6/2021 11:00,1.8504,,,,,
12/6/2021 10:00,1.8512,,,,,
12/6/2021 9:00,1.8543,,,,,
12/6/2021 8:00,1.8556,,,,,
12/6/2021 7:00,1.8575,,,,,
12/6/2021 6:00,1.861,,,,,
12/6/2021 5:00,1.8632,,,,,
12/6/2021 4:00,1.8631,,,,,
12/6/2021 3:00,1.8653,,,,,
12/6/2021 2:00,1.867,,,,,
12/6/2021 1:00,1.8704,,,,,
12/6/2021 0:00,1.8748,,,,,
12/5/2021 23:00,1.8778,,,,,
12/5/2021 22:00,1.8819,,,,,
12/5/2021 21:00,1.8841,,,,,
12/5/2021 20:00,1.8861,,,,,
12/5/2021 19:00,1.8924,,,,,
12/5/2021 18:00,1.8965,,,,,
12/5/2021 17:00,1.8998,,,,,
12/5/2021 16:00,1.9033,,,,,
12/5/2021 15:00,1.911,,,,,
12/5/2021 14:00,1.9076,,,,,
12/5/2021 13:00,1.915,,,,,
12/5/2021 12:00,1.9189,,,,,
12/5/2021 11:00,1.9232,,,,,
12/5/2021 10:00,1.9316,,,,,
12/5/2021 9:00,1.9363,,,,,
12/5/2021 8:00,1.9414,,,,,
12/5/2021 7:00,1.9456,,,,,
12/5/2021 6:00,1.9511,,,,,
12/5/2021 5:00,1.9553,,,,,
12/5/2021 4:00,1.9616,,,,,
12/5/2021 3:00,1.9657,,,,,
12/5/2021 2:00,1.9725,,,,,
12/5/2021 1:00,1.977,,,,,
12/5/2021 0:00,1.9848,,,,,
12/4/2021 23:00,1.9894,,,,,
12/4/2021 22:00,1.9979,,,,,
12/4/2021 21:00,2.0005,,,,,
12/4/2021 20:00,2.006,,,,,
12/4/2021 19:00,2.0122,,,,,
12/4/2021 18:00,2.0183,,,,,
12/4/2021 17:00,2.0263,,,,,
12/4/2021 16:00,2.0358,,,,,
12/4/2021 15:00,2.0333,,,,,
12/4/2021 14:00,2.0431,,,,,
12/4/2021 13:00,2.0505,,,,,
12/4/2021 12:00,2.0572,,,,,
12/4/2021 11:00,2.0606,,,,,
12/4/2021 10:00,2.0711,,,,,
12/4/2021 9:00,2.0757,,,,,
12/4/2021 8:00,2.0819,,,,,
12/4/2021 7:00,2.0871,,,,,
12/4/2021 6:00,2.0952,,,,,
12/4/2021 5:00,2.1026,,,,,
12/4/2021 4:00,2.1071,,,,,
12/4/2021 3:00,2.1144,,,,,
12/4/2021 2:00,2.1213,,,,,
12/4/2021 1:00,2.128,,,,,
12/4/2021 0:00,2.1357,,,,,
12/3/2021 23:00,2.1427,,,,,
12/3/2021 22:00,2.1549,,,,,
12/3/2021 21:00,2.1603,,,,,
12/3/2021 20:00,2.1699,,,,,
12/3/2021 19:00,2.1824,,,,,
12/3/2021 18:00,2.1929,,,,,
12/3/2021 17:00,2.2005,,,,,
12/3/2021 16:00,2.2147,,,,,
12/3/2021 15:00,2.2219,,,,,
12/3/2021 14:00,2.2394,,,,,
12/3/2021 13:00,2.2362,,,,,
12/3/2021 12:00,2.2545,,,,,
12/3/2021 11:00,2.2671,,,,,
12/3/2021 10:00,2.2804,,,,,
12/3/2021 9:00,2.2947,,,,,
12/3/2021 8:00,2.3056,,,,,
12/3/2021 7:00,2.3132,,,,,
12/3/2021 6:00,2.3253,,,,,
12/3/2021 5:00,2.346,,,,,
12/3/2021 4:00,2.3594,,,,,
12/3/2021 3:00,2.3712,,,,,
12/3/2021 2:00,2.392,,,,,
12/3/2021 1:00,2.4051,,,,,
12/3/2021 0:00,2.4185,,,,,
12/2/2021 23:00,2.4412,,,,,
12/2/2021 22:00,2.4607,,,,,
12/2/2021 21:00,2.4766,,,,,
12/2/2021 20:00,2.5001,,,,,
12/2/2021 19:00,2.5201,,,,,
12/2/2021 18:00,2.5382,,,,,
12/2/2021 17:00,2.5651,,,,,
12/2/2021 16:00,2.5941,,,,,
12/2/2021 15:00,2.6077,,,,,
12/2/2021 14:00,2.6496,,,,,
12/2/2021 13:00,2.6582,,,,,
12/2/2021 12:00,2.6825,,,,,
12/2/2021 11:00,2.7253,,,,,
12/2/2021 10:00,2.7527,,,,,
12/2/2021 9:00,2.7828,,,,,
12/2/2021 8:00,2.8138,,,,,
12/2/2021 7:00,2.8575,,,,,
12/2/2021 6:00,2.897,,,,,
12/2/2021 5:00,2.9313,,,,,
12/2/2021 4:00,2.9789,,,,,
12/2/2021 3:00,3.0255,,,,,
12/2/2021 2:00,3.0881,,,,,
12/2/2021 1:00,3.1273,,,,,
12/2/2021 0:00,3.1814,,,,,
12/1/2021 23:00,3.2181,,,,,
12/1/2021 22:00,3.2608,,,,,
12/1/2021 21:00,3.2778,,,,,
12/1/2021 20:00,3.3159,,,,,
12/1/2021 19:00,3.3348,,,,,
12/1/2021 18:00,3.3568,,,,,
12/1/2021 17:00,3.3905,,,,,
12/1/2021 16:00,3.3925,,,,,
12/1/2021 15:00,3.4191,,,,,
12/1/2021 14:00,3.4336,,,,,
12/1/2021 13:00,3.4525,,,,,
12/1/2021 12:00,3.4985,,,,,
12/1/2021 11:00,3.5685,,,,,
12/1/2021 10:00,3.6094,,,,,
12/1/2021 9:00,3.6618,,,,,
12/1/2021 8:00,3.709,,,,,
12/1/2021 7:00,3.7186,,,,,
12/1/2021 6:00,3.6913,,,,,
12/1/2021 5:00,3.6472,,,,,
12/1/2021 4:00,3.5644,,,,,
12/1/2021 3:00,3.4793,,,,,
12/1/2021 2:00,3.421,,,,,
12/1/2021 1:00,3.4127,,,,,
12/1/2021 0:00,3.4201,,,,,
11/30/2021 23:00,3.4253,,,,,
11/30/2021 22:00,3.4534,,,,,
11/30/2021 21:00,3.4786,,,,,
11/30/2021 20:00,3.5058,,,,,
11/30/2021 19:00,3.5199,,,,,
11/30/2021 18:00,3.543,,,,,
11/30/2021 17:00,3.5511,,,,,
11/30/2021 16:00,3.5323,,,,,
11/30/2021 15:00,3.4951,,,,,
11/30/2021 14:00,3.4358,,,,,
11/30/2021 13:00,3.372,,,,,
11/30/2021 12:00,3.293,,,,,
11/30/2021 11:00,3.2132,,,,,
11/30/2021 10:00,3.0998,,,,,
11/30/2021 9:00,3.0009,,,,,
11/30/2021 8:00,2.8999,,,,,
11/30/2021 7:00,2.8271,,,,,
11/30/2021 6:00,2.7707,,,,,
11/30/2021 5:00,2.7457,,,,,
11/30/2021 4:00,2.7266,,,,,
11/30/2021 3:00,2.7283,,,,,
11/30/2021 2:00,2.7374,,,,,
11/30/2021 1:00,2.7527,,,,,
11/30/2021 0:00,2.7733,,,,,
11/29/2021 23:00,2.7967,,,,,
11/29/2021 22:00,2.8208,,,,,
11/29/2021 21:00,2.8403,,,,,
11/29/2021 20:00,2.8644,,,,,
11/29/2021 19:00,2.8879,,,,,
11/29/2021 18:00,2.9167,,,,,
11/29/2021 17:00,2.9471,,,,,
11/29/2021 16:00,2.9649,,,,,
11/29/2021 15:00,2.9913,,,,,
11/29/2021 14:00,3.0212,,,,,
11/29/2021 13:00,3.045,,,,,
11/29/2021 12:00,3.0851,,,,,
11/29/2021 11:00,3.1245,,,,,
11/29/2021 10:00,3.1445,,,,,
11/29/2021 9:00,3.1762,,,,,
11/29/2021 8:00,3.205,,,,,
11/29/2021 7:00,3.2217,,,,,
11/29/2021 6:00,3.2504,,,,,
11/29/2021 5:00,3.2795,,,,,
11/29/2021 4:00,3.3173,,,,,
11/29/2021 3:00,3.346,,,,,
11/29/2021 2:00,3.3689,,,,,
11/29/2021 1:00,3.3634,,,,,
11/29/2021 0:00,3.356,,,,,
11/28/2021 23:00,3.3495,,,,,
11/28/2021 22:00,3.3529,,,,,
11/28/2021 21:00,3.3775,,,,,
11/28/2021 20:00,3.4148,,,,,
11/28/2021 19:00,3.4834,,,,,
11/28/2021 18:00,3.559,,,,,
11/28/2021 17:00,3.6556,,,,,
11/28/2021 16:00,3.717,,,,,
11/28/2021 15:00,3.7868,,,,,
11/28/2021 14:00,3.8888,,,,,
11/28/2021 13:00,3.9088,,,,,
11/28/2021 12:00,3.9561,,,,,
11/28/2021 11:00,4.0032,,,,,
11/28/2021 10:00,4.0202,,,,,
11/28/2021 9:00,4.0359,,,,,
11/28/2021 8:00,4.0351,,,,,
11/28/2021 7:00,4.0451,,,,,
11/28/2021 6:00,4.065,,,,,
11/28/2021 5:00,4.0763,,,,,
11/28/2021 4:00,4.0689,,,,,
11/28/2021 3:00,4.0246,,,,,
11/28/2021 2:00,3.9523,,,,,
11/28/2021 1:00,3.8992,,,,,
11/28/2021 0:00,3.8861,,,,,
11/27/2021 23:00,3.8614,,,,,
11/27/2021 22:00,3.8179,,,,,
11/27/2021 21:00,3.744,,,,,
11/27/2021 20:00,3.6677,,,,,
11/27/2021 19:00,3.5496,,,,,
11/27/2021 18:00,3.3842,,,,,
11/27/2021 17:00,3.1765,,,,,
11/27/2021 16:00,2.9093,,,,,
11/27/2021 15:00,2.6574,,,,,
11/27/2021 14:00,2.4876,,,,,
11/27/2021 13:00,2.3984,,,,,
11/27/2021 12:00,2.3555,,,,,
11/27/2021 11:00,2.3402,,,,,
11/27/2021 10:00,2.3312,,,,,
11/27/2021 9:00,2.3304,,,,,
11/27/2021 8:00,2.3324,,,,,
11/27/2021 7:00,2.3412,,,,,
11/27/2021 6:00,2.353,,,,,
11/27/2021 5:00,2.3656,,,,,
11/27/2021 4:00,2.3807,,,,,
11/27/2021 3:00,2.4011,,,,,
11/27/2021 2:00,2.4217,,,,,
11/27/2021 1:00,2.4394,,,,,
11/27/2021 0:00,2.4644,,,,,
11/26/2021 23:00,2.481,,,,,
11/26/2021 22:00,2.51,,,,,
11/26/2021 21:00,2.5324,,,,,
11/26/2021 20:00,2.5564,,,,,
11/26/2021 19:00,2.5862,,,,,
11/26/2021 18:00,2.6101,,,,,
11/26/2021 17:00,2.6417,,,,,
11/26/2021 16:00,2.6661,,,,,
11/26/2021 15:00,2.6962,,,,,
11/26/2021 14:00,2.7265,,,,,
11/26/2021 13:00,2.7642,,,,,
11/26/2021 12:00,2.7916,,,,,
11/26/2021 11:00,2.8402,,,,,
11/26/2021 10:00,2.8828,,,,,
11/26/2021 9:00,2.9172,,,,,
11/26/2021 8:00,2.9556,,,,,
11/26/2021 7:00,2.994,,,,,
11/26/2021 6:00,3.0294,,,,,
11/26/2021 5:00,3.0706,,,,,
11/26/2021 4:00,3.1072,,,,,
11/26/2021 3:00,3.1587,,,,,
11/26/2021 2:00,3.218,,,,,
11/26/2021 1:00,3.3045,,,,,
11/26/2021 0:00,3.395,,,,,
11/25/2021 23:00,3.498,,,,,
11/25/2021 22:00,3.6075,,,,,
11/25/2021 21:00,3.706,,,,,
11/25/2021 20:00,3.7733,,,,,
11/25/2021 19:00,3.7948,,,,,
11/25/2021 18:00,3.8117,,,,,
11/25/2021 17:00,3.7787,,,,,
11/25/2021 16:00,3.6694,,,,,
11/25/2021 15:00,3.4913,,,,,
11/25/2021 14:00,3.2761,,,,,
11/25/2021 13:00,3.0592,,,,,
11/25/2021 12:00,2.8619,,,,,
11/25/2021 11:00,2.6866,,,,,
11/25/2021 10:00,2.5263,,,,,
11/25/2021 9:00,2.4246,,,,,
11/25/2021 8:00,2.3608,,,,,
11/25/2021 7:00,2.2945,,,,,
11/25/2021 6:00,2.2261,,,,,
11/25/2021 5:00,2.1559,,,,,
11/25/2021 4:00,2.0878,,,,,
11/25/2021 3:00,2.0392,,,,,
11/25/2021 2:00,2.0031,,,,,
11/25/2021 1:00,1.9769,,,,,
11/25/2021 0:00,1.9509,,,,,
11/24/2021 23:00,1.9336,,,,,
11/24/2021 22:00,1.9168,,,,,
11/24/2021 21:00,1.9064,,,,,
11/24/2021 20:00,1.9002,,,,,
11/24/2021 19:00,1.8967,,,,,
11/24/2021 18:00,1.8952,,,,,
11/24/2021 17:00,1.8926,,,,,
11/24/2021 16:00,1.8953,,,,,
11/24/2021 15:00,1.8995,,,,,
11/24/2021 14:00,1.9014,,,,,
11/24/2021 13:00,1.9049,,,,,
11/24/2021 12:00,1.9082,,,,,
11/24/2021 11:00,1.9136,,,,,
11/24/2021 10:00,1.9195,,,,,
11/24/2021 9:00,1.923,,,,,
11/24/2021 8:00,1.9286,,,,,
11/24/2021 7:00,1.9314,,,,,
11/24/2021 6:00,1.9388,,,,,
11/24/2021 5:00,1.9459,,,,,
11/24/2021 4:00,1.952,,,,,
11/24/2021 3:00,1.9572,,,,,
11/24/2021 2:00,1.9647,,,,,
11/24/2021 1:00,1.9719,,,,,
11/24/2021 0:00,1.9766,,,,,
11/23/2021 23:00,1.9862,,,,,
11/23/2021 22:00,1.991,,,,,
11/23/2021 21:00,2.0012,,,,,
11/23/2021 20:00,2.0111,,,,,
11/23/2021 19:00,2.0182,,,,,
11/23/2021 18:00,2.0259,,,,,
11/23/2021 17:00,2.0366,,,,,
11/23/2021 16:00,2.0443,,,,,
11/23/2021 15:00,2.0472,,,,,
11/23/2021 14:00,2.0603,,,,,
11/23/2021 13:00,2.0662,,,,,
11/23/2021 12:00,2.0744,,,,,
11/23/2021 11:00,2.088,,,,,
11/23/2021 10:00,2.0981,,,,,
11/23/2021 9:00,2.1103,,,,,
11/23/2021 8:00,2.1177,,,,,
11/23/2021 7:00,2.1278,,,,,
11/23/2021 6:00,2.134,,,,,
11/23/2021 5:00,2.146,,,,,
11/23/2021 4:00,2.1503,,,,,
11/23/2021 3:00,2.1489,,,,,
11/23/2021 2:00,2.1438,,,,,
11/23/2021 1:00,2.1363,,,,,
11/23/2021 0:00,2.1165,,,,,
11/22/2021 23:00,2.0897,,,,,
11/22/2021 22:00,2.0572,,,,,
11/22/2021 21:00,2.0061,,,,,
11/22/2021 20:00,1.9462,,,,,
11/22/2021 19:00,1.907,,,,,
11/22/2021 18:00,1.8732,,,,,
11/22/2021 17:00,1.8536,,,,,
11/22/2021 16:00,1.8416,,,,,
11/22/2021 15:00,1.8307,,,,,
11/22/2021 14:00,1.8209,,,,,
11/22/2021 13:00,1.8082,,,,,
11/22/2021 12:00,1.8028,,,,,
11/22/2021 11:00,1.7997,,,,,
11/22/2021 10:00,1.7944,,,,,
11/22/2021 9:00,1.7924,,,,,
11/22/2021 8:00,1.7915,,,,,
11/22/2021 7:00,1.7929,,,,,
11/22/2021 6:00,1.7914,,,,,
11/22/2021 5:00,1.7962,,,,,
11/22/2021 4:00,1.7972,,,,,
11/22/2021 3:00,1.7987,,,,,
11/22/2021 2:00,1.8028,,,,,
11/22/2021 1:00,1.8028,,,,,
11/22/2021 0:00,1.8036,,,,,
11/21/2021 23:00,1.8071,,,,,
11/21/2021 22:00,1.809,,,,,
11/21/2021 21:00,1.8111,,,,,
11/21/2021 20:00,1.8142,,,,,
11/21/2021 19:00,1.8167,,,,,
11/21/2021 18:00,1.8183,,,,,
11/21/2021 17:00,1.8215,,,,,
11/21/2021 16:00,1.8273,,,,,
11/21/2021 15:00,1.8269,,,,,
11/21/2021 14:00,1.8277,,,,,
11/21/2021 13:00,1.8203,,,,,
11/21/2021 12:00,1.8287,,,,,
11/21/2021 11:00,1.8308,,,,,
11/21/2021 10:00,1.835,,,,,
11/21/2021 9:00,1.8382,,,,,
11/21/2021 8:00,1.8418,,,,,
11/21/2021 7:00,1.8436,,,,,
11/21/2021 6:00,1.8474,,,,,
11/21/2021 5:00,1.8503,,,,,
11/21/2021 4:00,1.853,,,,,
11/21/2021 3:00,1.8551,,,,,
11/21/2021 2:00,1.858,,,,,
11/21/2021 1:00,1.86,,,,,
11/21/2021 0:00,1.8624,,,,,
11/20/2021 23:00,1.8672,,,,,
11/20/2021 22:00,1.8685,,,,,
11/20/2021 21:00,1.873,,,,,
11/20/2021 20:00,1.8747,,,,,
11/20/2021 19:00,1.878,,,,,
11/20/2021 18:00,1.8843,,,,,
11/20/2021 17:00,1.8872,,,,,
11/20/2021 16:00,1.8905,,,,,
11/20/2021 15:00,1.8959,,,,,
11/20/2021 14:00,1.8942,,,,,
11/20/2021 13:00,1.8976,,,,,
11/20/2021 12:00,1.9,,,,,
11/20/2021 11:00,1.9081,,,,,
11/20/2021 10:00,1.9125,,,,,
11/20/2021 9:00,1.9187,,,,,
11/20/2021 8:00,1.9224,,,,,
11/20/2021 7:00,1.9251,,,,,
11/20/2021 6:00,1.9312,,,,,
11/20/2021 5:00,1.9323,,,,,
11/20/2021 4:00,1.9378,,,,,
11/20/2021 3:00,1.9414,,,,,
11/20/2021 2:00,1.9468,,,,,
11/20/2021 1:00,1.9514,,,,,
11/20/2021 0:00,1.9561,,,,,
11/19/2021 23:00,1.9603,,,,,
11/19/2021 22:00,1.9624,,,,,
11/19/2021 21:00,1.9692,,,,,
11/19/2021 20:00,1.9711,,,,,
11/19/2021 19:00,1.975,,,,,
11/19/2021 18:00,1.9828,,,,,
11/19/2021 17:00,1.9855,,,,,
11/19/2021 16:00,1.9968,,,,,
11/19/2021 15:00,2.0062,,,,,
11/19/2021 14:00,2.007,,,,,
11/19/2021 13:00,2.0045,,,,,
11/19/2021 12:00,2.0124,,,,,
11/19/2021 11:00,2.018,,,,,
11/19/2021 10:00,2.0223,,,,,
11/19/2021 9:00,2.0319,,,,,
11/19/2021 8:00,2.0378,,,,,
11/19/2021 7:00,2.0443,,,,,
11/19/2021 6:00,2.0483,,,,,
11/19/2021 5:00,2.0561,,,,,
11/19/2021 4:00,2.0619,,,,,
11/19/2021 3:00,2.0688,,,,,
11/19/2021 2:00,2.0765,,,,,
11/19/2021 1:00,2.0798,,,,,
11/19/2021 0:00,2.0865,,,,,
11/18/2021 23:00,2.0946,,,,,
11/18/2021 22:00,2.0989,,,,,
11/18/2021 21:00,2.1044,,,,,
11/18/2021 20:00,2.1119,,,,,
11/18/2021 19:00,2.1131,,,,,
11/18/2021 18:00,2.1192,,,,,
11/18/2021 17:00,2.1214,,,,,
11/18/2021 16:00,2.125,,,,,
11/18/2021 15:00,2.1266,,,,,
11/18/2021 14:00,2.1284,,,,,
11/18/2021 13:00,2.1297,,,,,
11/18/2021 12:00,2.1292,,,,,
11/18/2021 11:00,2.1329,,,,,
11/18/2021 10:00,2.1388,,,,,
11/18/2021 9:00,2.1456,,,,,
11/18/2021 8:00,2.1488,,,,,
11/18/2021 7:00,2.1547,,,,,
11/18/2021 6:00,2.162,,,,,
11/18/2021 5:00,2.1702,,,,,
11/18/2021 4:00,2.1783,,,,,
11/18/2021 3:00,2.1856,,,,,
11/18/2021 2:00,2.1938,,,,,
11/18/2021 1:00,2.203,,,,,
11/18/2021 0:00,2.2113,,,,,
11/17/2021 23:00,2.2253,,,,,
11/17/2021 22:00,2.2305,,,,,
11/17/2021 21:00,2.2411,,,,,
11/17/2021 20:00,2.2575,,,,,
11/17/2021 19:00,2.2642,,,,,
11/17/2021 18:00,2.2701,,,,,
11/17/2021 17:00,2.2829,,,,,
11/17/2021 16:00,2.2968,,,,,
11/17/2021 15:00,2.3074,,,,,
11/17/2021 14:00,2.3137,,,,,
11/17/2021 13:00,2.3343,,,,,
11/17/2021 12:00,2.3433,,,,,
11/17/2021 11:00,2.3578,,,,,
11/17/2021 10:00,2.3701,,,,,
11/17/2021 9:00,2.3874,,,,,
11/17/2021 8:00,2.3971,,,,,
11/17/2021 7:00,2.4107,,,,,
11/17/2021 6:00,2.4244,,,,,
11/17/2021 5:00,2.4403,,,,,
11/17/2021 4:00,2.4587,,,,,
11/17/2021 3:00,2.4734,,,,,
11/17/2021 2:00,2.4875,,,,,
11/17/2021 1:00,2.5082,,,,,
11/17/2021 0:00,2.5302,,,,,
11/16/2021 23:00,2.5399,,,,,
11/16/2021 22:00,2.5578,,,,,
11/16/2021 21:00,2.5795,,,,,
11/16/2021 20:00,2.6013,,,,,
11/16/2021 19:00,2.6246,,,,,
11/16/2021 18:00,2.6406,,,,,
11/16/2021 17:00,2.6639,,,,,
11/16/2021 16:00,2.7016,,,,,
11/16/2021 15:00,2.7139,,,,,
11/16/2021 14:00,2.7413,,,,,
11/16/2021 13:00,2.7661,,,,,
11/16/2021 12:00,2.7995,,,,,
11/16/2021 11:00,2.8253,,,,,
11/16/2021 10:00,2.8681,,,,,
11/16/2021 9:00,2.9052,,,,,
11/16/2021 8:00,2.9401,,,,,
11/16/2021 7:00,2.9923,,,,,
11/16/2021 6:00,3.039,,,,,
11/16/2021 5:00,3.0844,,,,,
11/16/2021 4:00,3.1407,,,,,
11/16/2021 3:00,3.2108,,,,,
11/16/2021 2:00,3.292,,,,,
11/16/2021 1:00,3.3594,,,,,
11/16/2021 0:00,3.4733,,,,,
11/15/2021 23:00,3.5931,,,,,
11/15/2021 22:00,3.756,,,,,
11/15/2021 21:00,3.9481,,,,,
11/15/2021 20:00,4.217,,,,,
11/15/2021 19:00,4.498,,,,,
11/15/2021 18:00,4.7303,,,,,
11/15/2021 17:00,4.8879,,,,,
11/15/2021 16:00,5.0142,,,,,
11/15/2021 15:00,5.116,,,,,
11/15/2021 14:00,5.1855,,,,,
11/15/2021 13:00,5.2469,,,,,
11/15/2021 12:00,5.3104,,,,,
11/15/2021 11:00,5.3521,,,,,
11/15/2021 10:00,5.3691,,,,,
11/15/2021 9:00,5.3121,,,,,
11/15/2021 8:00,5.1613,,,,,
11/15/2021 7:00,4.9446,,,,,
11/15/2021 6:00,4.7234,,,,,
11/15/2021 5:00,4.4271,,,,,
11/15/2021 4:00,4.0954,,,,,
11/15/2021 3:00,3.8561,,,,,
11/15/2021 2:00,3.7021,,,,,
11/15/2021 1:00,3.6303,,,,,
11/15/2021 0:00,3.6096,,,,,
11/14/2021 23:00,3.6185,,,,,
11/14/2021 22:00,3.653,,,,,
11/14/2021 21:00,3.7132,,,,,
11/14/2021 20:00,3.7922,,,,,
11/14/2021 19:00,3.8768,,,,,
11/14/2021 18:00,3.9589,,,,,
11/14/2021 17:00,4.0279,,,,,
11/14/2021 16:00,4.1319,,,,,
11/14/2021 15:00,4.2068,,,,,
11/14/2021 14:00,4.225,,,,,
11/14/2021 13:00,4.2669,,,,,
11/14/2021 12:00,4.263,,,,,
11/14/2021 11:00,4.2991,,,,,
11/14/2021 10:00,4.2928,,,,,
11/14/2021 9:00,4.2505,,,,,
11/14/2021 8:00,4.2037,,,,,
11/14/2021 7:00,4.1416,,,,,
11/14/2021 6:00,4.0682,,,,,
11/14/2021 5:00,3.9606,,,,,
11/14/2021 4:00,3.8328,,,,,
11/14/2021 3:00,3.6437,,,,,
11/14/2021 2:00,3.3614,,,,,
11/14/2021 1:00,3.0536,,,,,
11/14/2021 0:00,2.7738,,,,,
11/13/2021 23:00,2.5928,,,,,
11/13/2021 22:00,2.5037,,,,,
11/13/2021 21:00,2.4399,,,,,
11/13/2021 20:00,2.3889,,,,,
11/13/2021 19:00,2.3488,,,,,
11/13/2021 18:00,2.3151,,,,,
11/13/2021 17:00,2.2993,,,,,
11/13/2021 16:00,2.29,,,,,
11/13/2021 15:00,2.287,,,,,
11/13/2021 14:00,2.2883,,,,,
11/13/2021 13:00,2.2984,,,,,
11/13/2021 12:00,2.3055,,,,,
11/13/2021 11:00,2.3223,,,,,
11/13/2021 10:00,2.3353,,,,,
11/13/2021 9:00,2.3516,,,,,
11/13/2021 8:00,2.3646,,,,,
11/13/2021 7:00,2.3848,,,,,
11/13/2021 6:00,2.4011,,,,,
11/13/2021 5:00,2.4157,,,,,
11/13/2021 4:00,2.4356,,,,,
11/13/2021 3:00,2.4518,,,,,
11/13/2021 2:00,2.4729,,,,,
11/13/2021 1:00,2.4867,,,,,
11/13/2021 0:00,2.5141,,,,,
11/12/2021 23:00,2.532,,,,,
11/12/2021 22:00,2.5472,,,,,
11/12/2021 21:00,2.57,,,,,
11/12/2021 20:00,2.5882,,,,,
11/12/2021 19:00,2.6158,,,,,
11/12/2021 18:00,2.6413,,,,,
11/12/2021 17:00,2.6692,,,,,
11/12/2021 16:00,2.6968,,,,,
11/12/2021 15:00,2.7415,,,,,
11/12/2021 14:00,2.7559,,,,,
11/12/2021 13:00,2.7932,,,,,
11/12/2021 12:00,2.8285,,,,,
11/12/2021 11:00,2.8594,,,,,
11/12/2021 10:00,2.8901,,,,,
11/12/2021 9:00,2.9213,,,,,
11/12/2021 8:00,2.9346,,,,,
11/12/2021 7:00,2.9477,,,,,
11/12/2021 6:00,2.9309,,,,,
11/12/2021 5:00,2.9128,,,,,
11/12/2021 4:00,2.8849,,,,,
11/12/2021 3:00,2.8463,,,,,
11/12/2021 2:00,2.8058,,,,,
11/12/2021 1:00,2.7447,,,,,
11/12/2021 0:00,2.6813,,,,,
11/11/2021 23:00,2.6129,,,,,
11/11/2021 22:00,2.5464,,,,,
11/11/2021 21:00,2.4771,,,,,
11/11/2021 20:00,2.3988,,,,,
11/11/2021 19:00,2.3263,,,,,
11/11/2021 18:00,2.2689,,,,,
11/11/2021 17:00,2.2297,,,,,
11/11/2021 16:00,2.212,,,,,
11/11/2021 15:00,2.2012,,,,,
11/11/2021 14:00,2.2066,,,,,
11/11/2021 13:00,2.2102,,,,,
11/11/2021 12:00,2.2163,,,,,
11/11/2021 11:00,2.2245,,,,,
11/11/2021 10:00,2.2311,,,,,
11/11/2021 9:00,2.2413,,,,,
11/11/2021 8:00,2.2482,,,,,
11/11/2021 7:00,2.2565,,,,,
11/11/2021 6:00,2.2664,,,,,
11/11/2021 5:00,2.2673,,,,,
11/11/2021 4:00,2.2755,,,,,
11/11/2021 3:00,2.2806,,,,,
11/11/2021 2:00,2.2919,,,,,
11/11/2021 1:00,2.2958,,,,,
11/11/2021 0:00,2.3059,,,,,
11/10/2021 23:00,2.3161,,,,,
11/10/2021 22:00,2.3298,,,,,
11/10/2021 21:00,2.3354,,,,,
11/10/2021 20:00,2.3514,,,,,
11/10/2021 19:00,2.3658,,,,,
11/10/2021 18:00,2.379,,,,,
11/10/2021 17:00,2.3909,,,,,
11/10/2021 16:00,2.4052,,,,,
11/10/2021 15:00,2.4305,,,,,
11/10/2021 14:00,2.451,,,,,
11/10/2021 13:00,2.4678,,,,,
11/10/2021 12:00,2.4896,,,,,
11/10/2021 11:00,2.4963,,,,,
11/10/2021 10:00,2.5132,,,,,
11/10/2021 9:00,2.5357,,,,,
11/10/2021 8:00,2.5513,,,,,
11/10/2021 7:00,2.5685,,,,,
11/10/2021 6:00,2.5822,,,,,
11/10/2021 5:00,2.5954,,,,,
11/10/2021 4:00,2.6096,,,,,
11/10/2021 3:00,2.6282,,,,,
11/10/2021 2:00,2.6484,,,,,
11/10/2021 1:00,2.6679,,,,,
11/10/2021 0:00,2.6787,,,,,
11/9/2021 23:00,2.698,,,,,
11/9/2021 22:00,2.7063,,,,,
11/9/2021 21:00,2.7117,,,,,
11/9/2021 20:00,2.7165,,,,,
11/9/2021 19:00,2.7074,,,,,
11/9/2021 18:00,2.6907,,,,,
11/9/2021 17:00,2.6825,,,,,
11/9/2021 16:00,2.6622,,,,,
11/9/2021 15:00,2.6261,,,,,
11/9/2021 14:00,2.5771,,,,,
11/9/2021 13:00,2.5297,,,,,
11/9/2021 12:00,2.4957,,,,,
11/9/2021 11:00,2.4756,,,,,
11/9/2021 10:00,2.4531,,,,,
11/9/2021 9:00,2.4272,,,,,
11/9/2021 8:00,2.3913,,,,,
11/9/2021 7:00,2.3574,,,,,
11/9/2021 6:00,2.3351,,,,,
11/9/2021 5:00,2.319,,,,,
11/9/2021 4:00,2.3102,,,,,
11/9/2021 3:00,2.3055,,,,,
11/9/2021 2:00,2.3092,,,,,
11/9/2021 1:00,2.3138,,,,,
11/9/2021 0:00,2.3185,,,,,
11/8/2021 23:00,2.3277,,,,,
11/8/2021 22:00,2.3341,,,,,
11/8/2021 21:00,2.3445,,,,,
11/8/2021 20:00,2.351,,,,,
11/8/2021 19:00,2.3581,,,,,
11/8/2021 18:00,2.3648,,,,,
11/8/2021 17:00,2.3733,,,,,
11/8/2021 16:00,2.3797,,,,,
11/8/2021 15:00,2.3933,,,,,
11/8/2021 14:00,2.401,,,,,
11/8/2021 13:00,2.4108,,,,,
11/8/2021 12:00,2.4166,,,,,
11/8/2021 11:00,2.4352,,,,,
11/8/2021 10:00,2.4398,,,,,
11/8/2021 9:00,2.4507,,,,,
11/8/2021 8:00,2.4621,,,,,
11/8/2021 7:00,2.4694,,,,,
11/8/2021 6:00,2.4761,,,,,
11/8/2021 5:00,2.4849,,,,,
11/8/2021 4:00,2.4886,,,,,
11/8/2021 3:00,2.4934,,,,,
11/8/2021 2:00,2.4954,,,,,
11/8/2021 1:00,2.5079,,,,,
11/8/2021 0:00,2.5054,,,,,
11/7/2021 23:00,2.5156,,,,,
11/7/2021 22:00,2.5199,,,,,
11/7/2021 21:00,2.5273,,,,,
11/7/2021 20:00,2.5241,,,,,
11/7/2021 19:00,2.5265,,,,,
11/7/2021 18:00,2.522,,,,,
11/7/2021 17:00,2.5192,,,,,
11/7/2021 16:00,2.5162,,,,,
11/7/2021 15:00,2.5078,,,,,
11/7/2021 14:00,2.4984,,,,,
11/7/2021 13:00,2.4865,,,,,
11/7/2021 12:00,2.4766,,,,,
11/7/2021 11:00,2.4663,,,,,
11/7/2021 10:00,2.4579,,,,,
11/7/2021 9:00,2.4468,,,,,
11/7/2021 8:00,2.4466,,,,,
11/7/2021 7:00,2.4425,,,,,
11/7/2021 6:00,2.4415,,,,,
11/7/2021 5:00,2.456,,,,,
11/7/2021 4:00,2.4622,,,,,
11/7/2021 3:00,2.4758,,,,,
11/7/2021 2:00,2.4896,,,,,
11/7/2021 1:00,2.502,,,,,
11/7/2021 0:00,2.5178,,,,,
11/6/2021 23:00,2.5318,,,,,
11/6/2021 22:00,2.5485,,,,,
11/6/2021 21:00,2.5685,,,,,
11/6/2021 20:00,2.5861,,,,,
11/6/2021 19:00,2.6008,,,,,
11/6/2021 18:00,2.6219,,,,,
11/6/2021 17:00,2.6303,,,,,
11/6/2021 16:00,2.6462,,,,,
11/6/2021 15:00,2.6625,,,,,
11/6/2021 14:00,2.6781,,,,,
11/6/2021 13:00,2.6937,,,,,
11/6/2021 12:00,2.7244,,,,,
11/6/2021 11:00,2.756,,,,,
11/6/2021 10:00,2.779,,,,,
11/6/2021 9:00,2.8056,,,,,
11/6/2021 8:00,2.8458,,,,,
11/6/2021 7:00,2.8607,,,,,
11/6/2021 6:00,2.8893,,,,,
11/6/2021 5:00,2.9048,,,,,
11/6/2021 4:00,2.9129,,,,,
11/6/2021 3:00,2.9151,,,,,
11/6/2021 2:00,2.8998,,,,,
11/6/2021 1:00,2.8778,,,,,
11/6/2021 0:00,2.8684,,,,,
11/5/2021 23:00,2.8723,,,,,
11/5/2021 22:00,2.8863,,,,,
11/5/2021 21:00,2.9149,,,,,
11/5/2021 20:00,2.9398,,,,,
11/5/2021 19:00,2.9658,,,,,
11/5/2021 18:00,2.9816,,,,,
11/5/2021 17:00,2.9883,,,,,
11/5/2021 16:00,2.9795,,,,,
11/5/2021 15:00,2.95,,,,,
11/5/2021 14:00,2.9425,,,,,
11/5/2021 13:00,2.9413,,,,,
11/5/2021 12:00,2.9478,,,,,
11/5/2021 11:00,2.9592,,,,,
11/5/2021 10:00,2.9796,,,,,
11/5/2021 9:00,2.9816,,,,,
11/5/2021 8:00,2.9885,,,,,
11/5/2021 7:00,2.9815,,,,,
11/5/2021 6:00,2.9937,,,,,
11/5/2021 5:00,3.0417,,,,,
11/5/2021 4:00,3.0783,,,,,
11/5/2021 3:00,3.1385,,,,,
11/5/2021 2:00,3.2033,,,,,
11/5/2021 1:00,3.2589,,,,,
11/5/2021 0:00,3.3268,,,,,
11/4/2021 23:00,3.3659,,,,,
11/4/2021 22:00,3.4044,,,,,
11/4/2021 21:00,3.4399,,,,,
11/4/2021 20:00,3.4819,,,,,
11/4/2021 19:00,3.4994,,,,,
11/4/2021 18:00,3.5446,,,,,
11/4/2021 17:00,3.5557,,,,,
11/4/2021 16:00,3.5692,,,,,
11/4/2021 15:00,3.6094,,,,,
11/4/2021 14:00,3.6375,,,,,
11/4/2021 13:00,3.6497,,,,,
11/4/2021 12:00,3.6174,,,,,
11/4/2021 11:00,3.5976,,,,,
11/4/2021 10:00,3.5724,,,,,
11/4/2021 9:00,3.5687,,,,,
11/4/2021 8:00,3.4943,,,,,
11/4/2021 7:00,3.3649,,,,,
11/4/2021 6:00,3.2269,,,,,
11/4/2021 5:00,3.1415,,,,,
11/4/2021 4:00,3.0902,,,,,
11/4/2021 3:00,3.057,,,,,
11/4/2021 2:00,3.0284,,,,,
11/4/2021 1:00,3.0255,,,,,
11/4/2021 0:00,3.0642,,,,,
11/3/2021 23:00,3.1119,,,,,
11/3/2021 22:00,3.1511,,,,,
11/3/2021 21:00,3.2117,,,,,
11/3/2021 20:00,3.2581,,,,,
11/3/2021 19:00,3.3207,,,,,
11/3/2021 18:00,3.3841,,,,,
11/3/2021 17:00,3.4356,,,,,
11/3/2021 16:00,3.4829,,,,,
11/3/2021 15:00,3.5416,,,,,
11/3/2021 14:00,3.6085,,,,,
11/3/2021 13:00,3.6813,,,,,
11/3/2021 12:00,3.7297,,,,,
11/3/2021 11:00,3.7842,,,,,
11/3/2021 10:00,3.8289,,,,,
11/3/2021 9:00,3.8691,,,,,
11/3/2021 8:00,3.8973,,,,,
11/3/2021 7:00,3.8925,,,,,
11/3/2021 6:00,3.8792,,,,,
11/3/2021 5:00,3.8454,,,,,
11/3/2021 4:00,3.8325,,,,,
11/3/2021 3:00,3.7641,,,,,
11/3/2021 2:00,3.5743,,,,,
11/3/2021 1:00,3.2829,,,,,
11/3/2021 0:00,3.0086,,,,,
11/2/2021 23:00,2.771,,,,,
11/2/2021 22:00,2.5297,,,,,
11/2/2021 21:00,2.3043,,,,,
11/2/2021 20:00,2.1162,,,,,
11/2/2021 19:00,1.9937,,,,,
11/2/2021 18:00,1.9145,,,,,
11/2/2021 17:00,1.876,,,,,
11/2/2021 16:00,1.8533,,,,,
11/2/2021 15:00,1.8437,,,,,
11/2/2021 14:00,1.8405,,,,,
11/2/2021 13:00,1.8372,,,,,
11/2/2021 12:00,1.8376,,,,,
11/2/2021 11:00,1.8397,,,,,
11/2/2021 10:00,1.8406,,,,,
11/2/2021 9:00,1.8462,,,,,
11/2/2021 8:00,1.8494,,,,,
11/2/2021 7:00,1.852,,,,,
11/2/2021 6:00,1.8521,,,,,
11/2/2021 5:00,1.8557,,,,,
11/2/2021 4:00,1.8552,,,,,
11/2/2021 3:00,1.8549,,,,,
11/2/2021 2:00,1.8556,,,,,
11/2/2021 1:00,1.8569,,,,,
11/2/2021 0:00,1.8514,,,,,
11/1/2021 23:00,1.85,,,,,
11/1/2021 22:00,1.8451,,,,,
11/1/2021 20:00,1.8354,,,,,
11/1/2021 19:00,1.8321,,,,,
11/1/2021 18:00,1.8308,,,,,
11/1/2021 17:00,1.8259,,,,,
11/1/2021 16:00,1.8259,,,,,
11/1/2021 15:00,1.8252,,,,,
11/1/2021 14:00,1.8271,,,,,
11/1/2021 13:00,1.8274,,,,,
11/1/2021 12:00,1.8327,,,,,
11/1/2021 11:00,1.8342,,,,,
11/1/2021 10:00,1.8389,,,,,
11/1/2021 9:00,1.8407,,,,,
11/1/2021 8:00,1.8481,,,,,
11/1/2021 7:00,1.8505,,,,,
11/1/2021 6:00,1.8553,,,,,
11/1/2021 5:00,1.858,,,,,
11/1/2021 4:00,1.8625,,,,,
11/1/2021 3:00,1.8675,,,,,
11/1/2021 2:00,1.8705,,,,,
11/1/2021 1:00,1.8743,,,,,
11/1/2021 0:00,1.8806,,,,,
10/31/2021 23:00,1.885,,,,,
10/31/2021 22:00,1.8899,,,,,
10/31/2021 21:00,1.8945,,,,,
10/31/2021 20:00,1.9019,,,,,
10/31/2021 19:00,1.9039,,,,,
10/31/2021 18:00,1.9124,,,,,
10/31/2021 17:00,1.915,,,,,
10/31/2021 16:00,1.9239,,,,,
10/31/2021 15:00,1.9265,,,,,
10/31/2021 14:00,1.928,,,,,
10/31/2021 13:00,1.9313,,,,,
10/31/2021 12:00,1.9385,,,,,
10/31/2021 11:00,1.9446,,,,,
10/31/2021 10:00,1.9478,,,,,
10/31/2021 9:00,1.9561,,,,,
10/31/2021 8:00,1.9632,,,,,
10/31/2021 7:00,1.9694,,,,,
10/31/2021 6:00,1.9736,,,,,
10/31/2021 5:00,1.9822,,,,,
10/31/2021 4:00,1.9852,,,,,
10/31/2021 3:00,1.994,,,,,
10/31/2021 2:00,2.0025,,,,,
10/31/2021 1:00,2.0082,,,,,
10/31/2021 0:00,2.0116,,,,,
10/30/2021 23:00,2.0192,,,,,
10/30/2021 22:00,2.0268,,,,,
10/30/2021 21:00,2.0321,,,,,
10/30/2021 20:00,2.041,,,,,
10/30/2021 19:00,2.0503,,,,,
10/30/2021 18:00,2.0574,,,,,
10/30/2021 17:00,2.0636,,,,,
10/30/2021 16:00,2.0749,,,,,
10/30/2021 15:00,2.0871,,,,,
10/30/2021 14:00,2.0946,,,,,
10/30/2021 13:00,2.0945,,,,,
10/30/2021 12:00,2.1039,,,,,
10/30/2021 11:00,2.1135,,,,,
10/30/2021 10:00,2.1178,,,,,
10/30/2021 9:00,2.1338,,,,,
10/30/2021 8:00,2.1405,,,,,
10/30/2021 7:00,2.1481,,,,,
10/30/2021 6:00,2.1631,,,,,
10/30/2021 5:00,2.1716,,,,,
10/30/2021 4:00,2.1825,,,,,
10/30/2021 3:00,2.191,,,,,
10/30/2021 2:00,2.2046,,,,,
10/30/2021 1:00,2.2161,,,,,
10/30/2021 0:00,2.2253,,,,,
10/29/2021 23:00,2.2351,,,,,
10/29/2021 22:00,2.2508,,,,,
10/29/2021 21:00,2.2655,,,,,
10/29/2021 20:00,2.2798,,,,,
10/29/2021 19:00,2.2942,,,,,
10/29/2021 18:00,2.3078,,,,,
10/29/2021 17:00,2.3175,,,,,
10/29/2021 16:00,2.3345,,,,,
10/29/2021 15:00,2.3434,,,,,
10/29/2021 14:00,2.3617,,,,,
10/29/2021 13:00,2.3781,,,,,
10/29/2021 12:00,2.3878,,,,,
10/29/2021 11:00,2.4124,,,,,
10/29/2021 10:00,2.4289,,,,,
10/29/2021 9:00,2.449,,,,,
10/29/2021 8:00,2.4672,,,,,
10/29/2021 7:00,2.4871,,,,,
10/29/2021 6:00,2.5068,,,,,
10/29/2021 5:00,2.5289,,,,,
10/29/2021 4:00,2.5498,,,,,
10/29/2021 3:00,2.572,,,,,
10/29/2021 2:00,2.5871,,,,,
10/29/2021 1:00,2.6171,,,,,
10/29/2021 0:00,2.6372,,,,,
10/28/2021 23:00,2.6583,,,,,
10/28/2021 22:00,2.6857,,,,,
10/28/2021 21:00,2.7028,,,,,
10/28/2021 20:00,2.7257,,,,,
10/28/2021 19:00,2.7423,,,,,
10/28/2021 18:00,2.7536,,,,,
10/28/2021 17:00,2.7663,,,,,
10/28/2021 16:00,2.7756,,,,,
10/28/2021 15:00,2.7852,,,,,
10/28/2021 14:00,2.7774,,,,,
10/28/2021 13:00,2.7822,,,,,
10/28/2021 12:00,2.77,,,,,
10/28/2021 11:00,2.7691,,,,,
10/28/2021 10:00,2.7656,,,,,
10/28/2021 9:00,2.7594,,,,,
10/28/2021 8:00,2.7552,,,,,
10/28/2021 7:00,2.7488,,,,,
10/28/2021 6:00,2.7357,,,,,
10/28/2021 5:00,2.7237,,,,,
10/28/2021 4:00,2.719,,,,,
10/28/2021 3:00,2.7193,,,,,
10/28/2021 2:00,2.7383,,,,,
10/28/2021 1:00,2.7573,,,,,
10/28/2021 0:00,2.7708,,,,,
10/27/2021 23:00,2.8042,,,,,
10/27/2021 22:00,2.8251,,,,,
10/27/2021 21:00,2.8468,,,,,
10/27/2021 20:00,2.8855,,,,,
10/27/2021 19:00,2.9019,,,,,
10/27/2021 18:00,2.9329,,,,,
10/27/2021 17:00,2.9386,,,,,
10/27/2021 16:00,2.9467,,,,,
10/27/2021 15:00,2.9479,,,,,
10/27/2021 14:00,2.9482,,,,,
10/27/2021 13:00,2.9523,,,,,
10/27/2021 12:00,2.9601,,,,,
10/27/2021 11:00,2.984,,,,,
10/27/2021 10:00,2.9871,,,,,
10/27/2021 9:00,3.0001,,,,,
10/27/2021 8:00,3.0083,,,,,
10/27/2021 7:00,3.0199,,,,,
10/27/2021 6:00,3.0281,,,,,
10/27/2021 5:00,3.0482,,,,,
10/27/2021 4:00,3.0747,,,,,
10/27/2021 3:00,3.1034,,,,,
10/27/2021 2:00,3.1196,,,,,
10/27/2021 1:00,3.1387,,,,,
10/27/2021 0:00,3.1729,,,,,
10/26/2021 23:00,3.1989,,,,,
10/26/2021 22:00,3.2173,,,,,
10/26/2021 21:00,3.2316,,,,,
10/26/2021 20:00,3.2451,,,,,
10/26/2021 19:00,3.2468,,,,,
10/26/2021 18:00,3.2452,,,,,
10/26/2021 17:00,3.2606,,,,,
10/26/2021 16:00,3.2649,,,,,
10/26/2021 15:00,3.2779,,,,,
10/26/2021 14:00,3.2602,,,,,
10/26/2021 13:00,3.2812,,,,,
10/26/2021 12:00,3.2874,,,,,
10/26/2021 11:00,3.2916,,,,,
10/26/2021 10:31,3.3042,,,,,
10/26/2021 10:00,3.3007,,,,,
10/26/2021 9:00,3.2964,,,,,
10/26/2021 8:00,3.3231,,,,,
10/26/2021 7:00,3.3461,,,,,
10/26/2021 6:00,3.3862,,,,,
10/26/2021 5:00,3.4034,,,,,
10/26/2021 4:00,3.4492,,,,,
10/26/2021 3:00,3.5018,,,,,
10/26/2021 2:00,3.541,,,,,
10/26/2021 1:00,3.587,,,,,
10/25/2021 16:00,3.8373,,,,,
10/25/2021 15:00,3.7424,,,,,
10/25/2021 14:00,3.5664,,,,,
10/25/2021 13:00,3.3969,,,,,
10/25/2021 12:00,3.2539,,,,,
10/25/2021 11:00,3.1651,,,,,
10/25/2021 10:00,3.0764,,,,,
10/25/2021 9:00,2.9636,,,,,
10/25/2021 8:00,2.8691,,,,,
10/25/2021 7:00,2.7868,,,,,
10/25/2021 6:00,2.7217,,,,,
10/25/2021 5:00,2.6476,,,,,
10/25/2021 4:00,2.5897,,,,,
10/25/2021 3:00,2.5505,,,,,
10/25/2021 2:00,2.5121,,,,,
10/25/2021 1:00,2.4807,,,,,
10/25/2021 0:00,2.4596,,,,,
10/24/2021 23:00,2.439,,,,,
10/24/2021 22:00,2.4213,,,,,
10/24/2021 21:00,2.4004,,,,,
10/24/2021 20:00,2.372,,,,,
10/24/2021 19:00,2.3429,,,,,
10/24/2021 18:00,2.3215,,,,,
10/24/2021 17:00,2.3034,,,,,
10/24/2021 16:00,2.2825,,,,,
10/24/2021 15:00,2.2791,,,,,
10/24/2021 14:00,2.2659,,,,,
10/24/2021 13:00,2.2639,,,,,
10/24/2021 12:00,2.2584,,,,,
10/24/2021 11:00,2.2576,,,,,
10/24/2021 10:00,2.2694,,,,,
10/24/2021 9:00,2.2766,,,,,
10/24/2021 8:00,2.2848,,,,,
10/24/2021 7:00,2.3063,,,,,
10/24/2021 6:00,2.3171,,,,,
10/24/2021 5:00,2.3373,,,,,
10/24/2021 4:00,2.3549,,,,,
10/24/2021 3:00,2.3698,,,,,
10/24/2021 2:00,2.3876,,,,,
10/24/2021 1:00,2.4049,,,,,
10/24/2021 0:00,2.4272,,,,,
10/23/2021 23:00,2.4487,,,,,
10/23/2021 22:00,2.4675,,,,,
10/23/2021 21:00,2.4827,,,,,
10/23/2021 20:00,2.5066,,,,,
10/23/2021 19:00,2.5169,,,,,
10/23/2021 18:00,2.5374,,,,,
10/23/2021 17:00,2.5434,,,,,
10/23/2021 16:00,2.5437,,,,,
10/23/2021 15:00,2.5393,,,,,
10/23/2021 14:00,2.5285,,,,,
10/23/2021 13:00,2.5045,,,,,
10/23/2021 12:00,2.4619,,,,,
10/23/2021 11:00,2.4051,,,,,
10/23/2021 10:00,2.3382,,,,,
10/23/2021 9:00,2.2961,,,,,
10/23/2021 8:00,2.2708,,,,,
10/23/2021 7:00,2.2516,,,,,
10/23/2021 6:00,2.2438,,,,,
10/23/2021 5:00,2.2403,,,,,
10/23/2021 4:00,2.2492,,,,,
10/23/2021 3:00,2.2529,,,,,
10/23/2021 2:00,2.2649,,,,,
10/23/2021 1:00,2.2739,,,,,
10/23/2021 0:00,2.2885,,,,,
10/22/2021 23:00,2.3022,,,,,
10/22/2021 22:00,2.3291,,,,,
10/22/2021 21:00,2.3479,,,,,
10/22/2021 20:00,2.3675,,,,,
10/22/2021 19:00,2.3882,,,,,
10/22/2021 18:00,2.4129,,,,,
10/22/2021 17:00,2.4331,,,,,
10/22/2021 16:00,2.457,,,,,
10/22/2021 15:00,2.488,,,,,
10/22/2021 14:00,2.516,,,,,
10/22/2021 13:00,2.5351,,,,,
10/22/2021 12:00,2.5606,,,,,
10/22/2021 11:00,2.5784,,,,,
10/22/2021 10:00,2.5902,,,,,
10/22/2021 9:00,2.5936,,,,,
10/22/2021 8:00,2.5872,,,,,
10/22/2021 7:00,2.5885,,,,,
10/22/2021 6:00,2.587,,,,,
10/22/2021 5:00,2.5717,,,,,
10/22/2021 4:00,2.5606,,,,,
10/22/2021 3:00,2.5509,,,,,
10/22/2021 2:00,2.5438,,,,,
10/22/2021 1:00,2.5237,,,,,
10/22/2021 0:00,2.4864,,,,,
10/21/2021 23:00,2.4452,,,,,
10/21/2021 22:00,2.3965,,,,,
10/21/2021 21:00,2.3304,,,,,
10/21/2021 20:00,2.2552,,,,,
10/21/2021 19:00,2.1898,,,,,
10/21/2021 18:00,2.1357,,,,,
10/21/2021 17:00,2.0956,,,,,
10/21/2021 16:00,2.0765,,,,,
10/21/2021 15:00,2.0621,,,,,
10/21/2021 14:00,2.0597,,,,,
10/21/2021 13:00,2.0631,,,,,
10/21/2021 12:00,2.0623,,,,,
10/21/2021 11:00,2.0675,,,,,
10/21/2021 10:00,2.0738,,,,,
10/21/2021 9:00,2.0781,,,,,
10/21/2021 8:00,2.0791,,,,,
10/21/2021 7:00,2.08,,,,,
10/21/2021 6:00,2.0827,,,,,
10/21/2021 5:00,2.0861,,,,,
10/21/2021 4:00,2.0896,,,,,
10/21/2021 3:00,2.0894,,,,,
10/21/2021 2:00,2.0906,,,,,
10/21/2021 1:00,2.0923,,,,,
10/21/2021 0:00,2.0939,,,,,
10/20/2021 23:00,2.0936,,,,,
10/20/2021 22:00,2.093,,,,,
10/20/2021 21:00,2.0931,,,,,
10/20/2021 20:00,2.0855,,,,,
10/20/2021 19:00,2.0809,,,,,
10/20/2021 18:00,2.0659,,,,,
10/20/2021 17:00,2.0523,,,,,
10/20/2021 16:00,2.0377,,,,,
10/20/2021 15:00,2.0303,,,,,
10/20/2021 14:00,2.011,,,,,
10/20/2021 13:00,1.9924,,,,,
10/20/2021 12:00,1.9906,,,,,
10/20/2021 11:00,1.9811,,,,,
10/20/2021 10:00,1.9763,,,,,
10/20/2021 9:00,1.9671,,,,,
10/20/2021 8:00,1.9671,,,,,
10/20/2021 7:00,1.9713,,,,,
10/20/2021 6:00,1.9748,,,,,
10/20/2021 5:00,1.9792,,,,,
10/20/2021 4:00,1.9863,,,,,
10/20/2021 3:00,1.9965,,,,,
10/20/2021 2:00,2.0016,,,,,
10/20/2021 1:00,2.0072,,,,,
10/20/2021 0:00,2.0137,,,,,
10/19/2021 23:00,2.0191,,,,,
10/19/2021 22:00,2.0293,,,,,
10/19/2021 21:00,2.0353,,,,,
10/19/2021 20:00,2.0427,,,,,
10/19/2021 19:00,2.0527,,,,,
10/19/2021 18:00,2.0556,,,,,
10/19/2021 17:00,2.0628,,,,,
10/19/2021 16:00,2.0734,,,,,
10/19/2021 15:00,2.0777,,,,,
10/19/2021 14:00,2.0845,,,,,
10/19/2021 13:00,2.0982,,,,,
10/19/2021 12:00,2.1038,,,,,
10/19/2021 11:00,2.1142,,,,,
10/19/2021 10:00,2.1235,,,,,
10/19/2021 9:00,2.1332,,,,,
10/19/2021 8:00,2.1441,,,,,
10/19/2021 7:00,2.1538,,,,,
10/19/2021 6:00,2.1626,,,,,
10/19/2021 5:00,2.1763,,,,,
10/19/2021 4:00,2.1821,,,,,
10/19/2021 3:00,2.195,,,,,
10/19/2021 2:00,2.2079,,,,,
10/19/2021 1:00,2.2159,,,,,
10/19/2021 0:00,2.2368,,,,,
10/18/2021 23:00,2.2438,,,,,
10/18/2021 22:00,2.2627,,,,,
10/18/2021 21:00,2.2759,,,,,
10/18/2021 20:00,2.2892,,,,,
10/18/2021 19:00,2.3072,,,,,
10/18/2021 18:00,2.3214,,,,,
10/18/2021 17:00,2.3357,,,,,
10/18/2021 16:00,2.3561,,,,,
10/18/2021 15:00,2.3714,,,,,
10/18/2021 14:00,2.3874,,,,,
10/18/2021 13:00,2.4062,,,,,
10/18/2021 12:00,2.4291,,,,,
10/18/2021 11:00,2.4522,,,,,
10/18/2021 10:00,2.476,,,,,
10/18/2021 9:00,2.4972,,,,,
10/18/2021 8:00,2.5172,,,,,
10/18/2021 7:00,2.5412,,,,,
10/18/2021 6:00,2.5639,,,,,
10/18/2021 5:00,2.5879,,,,,
10/18/2021 4:00,2.6189,,,,,
10/18/2021 3:00,2.6466,,,,,
10/18/2021 2:00,2.672,,,,,
10/18/2021 1:00,2.7072,,,,,
10/18/2021 0:00,2.7343,,,,,
10/17/2021 23:00,2.7785,,,,,
10/17/2021 22:00,2.8141,,,,,
10/17/2021 21:00,2.8513,,,,,
10/17/2021 20:00,2.8898,,,,,
10/17/2021 19:00,2.93,,,,,
10/17/2021 18:00,2.9764,,,,,
10/17/2021 17:00,3.0213,,,,,
10/17/2021 16:00,3.0751,,,,,
10/17/2021 15:00,3.1275,,,,,
10/17/2021 14:00,3.1784,,,,,
10/17/2021 13:00,3.2401,,,,,
10/17/2021 12:00,3.284,,,,,
10/17/2021 11:00,3.3307,,,,,
10/17/2021 10:00,3.3752,,,,,
10/17/2021 9:00,3.4136,,,,,
10/17/2021 8:00,3.4505,,,,,
10/17/2021 7:00,3.4883,,,,,
10/17/2021 6:00,3.513,,,,,
10/17/2021 5:00,3.5647,,,,,
10/17/2021 4:00,3.6188,,,,,
10/17/2021 3:00,3.7027,,,,,
10/17/2021 2:00,3.7984,,,,,
10/17/2021 1:00,3.9134,,,,,
10/17/2021 0:00,4.0379,,,,,
10/16/2021 23:00,4.1712,,,,,
10/16/2021 22:00,4.2874,,,,,
10/16/2021 21:00,4.3952,,,,,
10/16/2021 20:00,4.4509,,,,,
10/16/2021 19:00,4.52,,,,,
10/16/2021 18:00,4.5678,,,,,
10/16/2021 17:00,4.6362,,,,,
10/16/2021 16:00,4.7079,,,,,
10/16/2021 15:00,4.7572,,,,,
10/16/2021 14:00,4.728,,,,,
10/16/2021 13:00,4.6596,,,,,
10/16/2021 12:00,4.5502,,,,,
10/16/2021 11:00,4.4908,,,,,
10/16/2021 10:00,4.5111,,,,,
10/16/2021 9:00,4.5823,,,,,
10/16/2021 8:00,4.6529,,,,,
10/16/2021 7:00,4.5759,,,,,
10/16/2021 6:00,4.3638,,,,,
10/16/2021 5:00,4.1616,,,,,
10/16/2021 4:00,4.1119,,,,,
10/16/2021 3:00,4.1145,,,,,
10/16/2021 2:00,4.0878,,,,,
10/16/2021 1:00,4.0475,,,,,
10/16/2021 0:00,4.0189,,,,,
10/15/2021 23:00,3.9771,,,,,
10/15/2021 22:00,3.9368,,,,,
10/15/2021 21:00,3.9136,,,,,
10/15/2021 20:00,3.8916,,,,,
10/15/2021 19:00,3.8063,,,,,
10/15/2021 18:00,3.678,,,,,
10/15/2021 17:00,3.6068,,,,,
10/15/2021 16:00,3.5367,,,,,
10/15/2021 15:00,3.4322,,,,,
10/15/2021 14:00,3.2899,,,,,
10/15/2021 13:00,3.1368,,,,,
10/15/2021 12:00,2.912,,,,,
10/15/2021 11:00,2.6442,,,,,
10/15/2021 10:00,2.4251,,,,,
10/15/2021 9:00,2.2819,,,,,
10/15/2021 8:00,2.1828,,,,,
10/15/2021 7:00,2.1027,,,,,
10/15/2021 6:00,2.0332,,,,,
10/15/2021 5:00,1.9722,,,,,
10/15/2021 4:00,1.9229,,,,,
10/15/2021 3:00,1.8796,,,,,
10/15/2021 2:00,1.8558,,,,,
10/15/2021 1:00,1.8403,,,,,
10/15/2021 0:00,1.8322,,,,,
10/14/2021 23:00,1.8322,,,,,
10/14/2021 22:00,1.8341,,,,,
10/14/2021 21:00,1.8378,,,,,
10/14/2021 20:00,1.8377,,,,,
10/14/2021 19:00,1.8408,,,,,
10/14/2021 18:00,1.8428,,,,,
10/14/2021 17:00,1.8447,,,,,
10/14/2021 16:00,1.8468,,,,,
10/14/2021 15:00,1.8489,,,,,
10/14/2021 14:00,1.8508,,,,,
10/14/2021 12:00,1.8552,,,,,
10/14/2021 11:00,1.8595,,,,,
10/14/2021 10:00,1.8611,,,,,
10/14/2021 9:00,1.8646,,,,,
10/14/2021 8:00,1.8682,,,,,
10/14/2021 7:00,1.8703,,,,,
10/14/2021 6:00,1.8721,,,,,
10/14/2021 5:00,1.8738,,,,,
10/14/2021 4:00,1.876,,,,,
10/14/2021 3:00,1.879,,,,,
10/14/2021 2:00,1.8794,,,,,
10/14/2021 1:00,1.8828,,,,,
10/14/2021 0:00,1.8852,,,,,
10/13/2021 23:00,1.8925,,,,,
10/13/2021 22:00,1.8962,,,,,
10/13/2021 21:00,1.9024,,,,,
10/13/2021 20:00,1.9069,,,,,
10/13/2021 19:00,1.9149,,,,,
10/13/2021 18:00,1.9178,,,,,
10/13/2021 17:00,1.9249,,,,,
10/13/2021 16:00,1.9321,,,,,
10/13/2021 15:00,1.941,,,,,
10/13/2021 14:00,1.9445,,,,,
10/13/2021 13:00,1.953,,,,,
10/13/2021 12:00,1.9608,,,,,
10/13/2021 11:00,1.9707,,,,,
10/13/2021 10:00,1.9765,,,,,
10/13/2021 9:00,1.9868,,,,,
10/13/2021 8:00,1.9978,,,,,
10/13/2021 7:00,2.0042,,,,,
10/13/2021 6:00,2.0148,,,,,
10/13/2021 5:00,2.0252,,,,,
10/13/2021 4:00,2.0352,,,,,
10/13/2021 3:00,2.0432,,,,,
10/13/2021 2:00,2.0515,,,,,
10/13/2021 1:00,2.0573,,,,,
10/13/2021 0:00,2.0591,,,,,
10/12/2021 23:00,2.0613,,,,,
10/12/2021 22:00,2.0605,,,,,
10/12/2021 21:00,2.0555,,,,,
10/12/2021 20:00,2.0358,,,,,
10/12/2021 19:00,1.9896,,,,,
10/12/2021 18:00,1.9203,,,,,
10/12/2021 17:00,1.8772,,,,,
10/12/2021 16:00,1.8499,,,,,
10/12/2021 15:00,1.8338,,,,,
10/12/2021 14:00,1.824,,,,,
10/12/2021 13:00,1.8179,,,,,
10/12/2021 12:00,1.8173,,,,,
10/12/2021 11:00,1.8145,,,,,
10/12/2021 10:00,1.8173,,,,,
10/12/2021 9:00,1.8217,,,,,
10/12/2021 8:00,1.8231,,,,,
10/12/2021 7:00,1.829,,,,,
10/12/2021 6:00,1.8326,,,,,
10/12/2021 5:00,1.8369,,,,,
10/12/2021 4:00,1.8411,,,,,
10/12/2021 3:00,1.8457,,,,,
10/12/2021 2:00,1.8514,,,,,
10/12/2021 1:00,1.855,,,,,
10/12/2021 0:00,1.8616,,,,,
10/11/2021 23:00,1.8666,,,,,
10/11/2021 22:00,1.8729,,,,,
10/11/2021 21:00,1.8793,,,,,
10/11/2021 20:00,1.8854,,,,,
10/11/2021 19:00,1.8916,,,,,
10/11/2021 18:00,1.8957,,,,,
10/11/2021 17:00,1.9025,,,,,
10/11/2021 16:00,1.908,,,,,
10/11/2021 15:00,1.9162,,,,,
10/11/2021 14:00,1.9212,,,,,
10/11/2021 13:00,1.9296,,,,,
10/11/2021 12:00,1.9348,,,,,
10/11/2021 11:00,1.9421,,,,,
10/11/2021 10:00,1.9479,,,,,
10/11/2021 9:00,1.9554,,,,,
10/11/2021 8:00,1.9635,,,,,
10/11/2021 7:00,1.9721,,,,,
10/11/2021 6:00,1.9804,,,,,
10/11/2021 5:00,1.9917,,,,,
10/11/2021 4:00,1.9984,,,,,
10/11/2021 3:00,2.0112,,,,,
10/11/2021 2:00,2.0189,,,,,
10/11/2021 1:00,2.0286,,,,,
10/11/2021 0:00,2.0335,,,,,
10/10/2021 23:00,2.0441,,,,,
10/10/2021 22:00,2.0566,,,,,
10/10/2021 21:00,2.0655,,,,,
10/10/2021 20:00,2.0798,,,,,
10/10/2021 19:00,2.092,,,,,
10/10/2021 18:00,2.1081,,,,,
10/10/2021 17:00,2.1215,,,,,
10/10/2021 16:00,2.1413,,,,,
10/10/2021 15:00,2.1599,,,,,
10/10/2021 14:00,2.1785,,,,,
10/10/2021 13:00,2.1933,,,,,
10/10/2021 12:00,2.2173,,,,,
10/10/2021 11:00,2.2431,,,,,
10/10/2021 10:00,2.2626,,,,,
10/10/2021 9:00,2.2942,,,,,
10/9/2021 23:00,2.2884,,,,,
10/9/2021 22:00,2.1989,,,,,
10/9/2021 21:00,2.0529,,,,,
10/9/2021 20:00,1.9493,,,,,
10/9/2021 19:00,1.8646,,,,,
10/9/2021 18:00,1.8133,,,,,
10/9/2021 17:00,1.7896,,,,,
10/9/2021 16:00,1.7755,,,,,
10/9/2021 15:00,1.769,,,,,
10/9/2021 14:00,1.7697,,,,,
10/9/2021 13:00,1.7682,,,,,
10/9/2021 12:00,1.7696,,,,,
10/9/2021 11:00,1.7739,,,,,
10/9/2021 10:00,1.774,,,,,
10/9/2021 9:00,1.7764,,,,,
10/9/2021 8:00,1.7794,,,,,
10/9/2021 7:00,1.7825,,,,,
10/9/2021 6:00,1.787,,,,,
10/9/2021 5:00,1.7902,,,,,
10/9/2021 4:00,1.7937,,,,,
10/9/2021 3:00,1.7981,,,,,
10/9/2021 2:00,1.8011,,,,,
10/9/2021 1:00,1.8057,,,,,
10/9/2021 0:00,1.8096,,,,,
10/8/2021 23:00,1.8156,,,,,
10/8/2021 22:00,1.8204,,,,,
10/8/2021 21:00,1.8238,,,,,
10/8/2021 20:00,1.8285,,,,,
10/8/2021 19:00,1.833,,,,,
10/8/2021 18:00,1.8368,,,,,
10/8/2021 17:00,1.8419,,,,,
10/8/2021 16:00,1.8463,,,,,
10/8/2021 15:00,1.848,,,,,
10/8/2021 14:00,1.8583,,,,,
10/8/2021 13:00,1.8674,,,,,
10/8/2021 12:00,1.8674,,,,,
10/8/2021 11:00,1.8672,,,,,
10/8/2021 10:00,1.8722,,,,,
10/8/2021 9:00,1.8773,,,,,
10/8/2021 8:00,1.8837,,,,,
10/8/2021 7:00,1.8898,,,,,
10/8/2021 6:00,1.8936,,,,,
10/8/2021 5:00,1.9005,,,,,
10/8/2021 4:00,1.9043,,,,,
10/8/2021 3:00,1.9105,,,,,
10/8/2021 2:00,1.918,,,,,
10/8/2021 1:00,1.9229,,,,,
10/8/2021 0:00,1.9301,,,,,
10/7/2021 23:00,1.9348,,,,,
10/7/2021 22:00,1.9405,,,,,
10/7/2021 21:00,1.9476,,,,,
10/7/2021 20:00,1.9559,,,,,
10/7/2021 19:00,1.9638,,,,,
10/7/2021 18:00,1.9696,,,,,
10/7/2021 17:00,1.9778,,,,,
10/7/2021 16:00,1.9837,,,,,
10/7/2021 15:00,1.9944,,,,,
10/7/2021 14:00,1.9939,,,,,
10/7/2021 13:00,2.0077,,,,,
10/7/2021 12:00,2.019,,,,,
10/7/2021 11:00,2.0171,,,,,
10/7/2021 10:00,2.0293,,,,,
10/7/2021 9:00,2.0382,,,,,
10/7/2021 8:00,2.051,,,,,
10/7/2021 7:00,2.0584,,,,,
10/7/2021 6:00,2.0653,,,,,
10/7/2021 5:00,2.0789,,,,,
10/7/2021 4:00,2.0901,,,,,
10/7/2021 3:00,2.102,,,,,
10/7/2021 2:00,2.1118,,,,,
10/7/2021 1:00,2.1244,,,,,
10/7/2021 0:00,2.137,,,,,
10/6/2021 23:00,2.1466,,,,,
10/6/2021 22:00,2.1576,,,,,
10/6/2021 21:00,2.1713,,,,,
10/6/2021 20:00,2.1805,,,,,
10/6/2021 19:00,2.1957,,,,,
10/6/2021 18:00,2.2082,,,,,
10/6/2021 17:00,2.2228,,,,,
10/6/2021 16:00,2.235,,,,,
10/6/2021 15:00,2.2531,,,,,
10/6/2021 14:00,2.2681,,,,,
10/6/2021 13:00,2.2891,,,,,
10/6/2021 12:00,2.3058,,,,,
10/6/2021 11:00,2.3206,,,,,
10/6/2021 10:27,2.3462,,,,,
10/6/2021 10:20,2.3347,,,,,
10/6/2021 10:17,2.3376,,,,,
10/5/2021 12:49,1.1688 **Estimated,,,,,
10/5/2021 12:31,0,,,,,
10/5/2021 12:30,8.67525 **Estimated,,,,,
10/5/2021 12:29,10.009375 **Estimated,,,,,
9/29/2021 14:43,11.3435,,,,,
9/29/2021 13:00,6.90505 **Estimated,,,,,
9/29/2021 12:00,4.660525 **Estimated,,,,,
9/29/2021 11:00,3.5145125 **Estimated,,,,,
9/29/2021 10:00,2.3685,,,,,
9/29/2021 9:00,2.3186,,,,,
9/29/2021 8:00,2.2824,,,,,
9/29/2021 7:00,2.2562,,,,,
9/29/2021 6:00,2.2467,,,,,
9/29/2021 5:00,2.2438,,,,,
9/29/2021 4:00,2.2481,,,,,
9/29/2021 3:00,2.2583,,,,,
9/29/2021 2:00,2.273,,,,,
9/29/2021 1:00,2.2935,,,,,
9/29/2021 0:00,2.3106,,,,,
9/28/2021 23:00,2.3309,,,,,
9/28/2021 22:00,2.3561,,,,,
9/28/2021 21:00,2.3822,,,,,
9/28/2021 20:00,2.4127,,,,,
9/28/2021 18:00,2.4911,,,,,
9/28/2021 17:00,2.5298,,,,,
9/28/2021 16:00,2.5753,,,,,
9/28/2021 15:00,2.6156,,,,,
9/28/2021 14:00,2.6673,,,,,
9/28/2021 13:00,2.7355,,,,,
9/28/2021 12:00,2.7993,,,,,
9/28/2021 11:00,2.8636,,,,,
9/28/2021 10:00,2.9234,,,,,
9/28/2021 9:00,2.988,,,,,
9/28/2021 8:00,3.043,,,,,
9/28/2021 7:00,3.0817,,,,,
9/28/2021 6:00,3.1075,,,,,
9/28/2021 5:00,3.1145,,,,,
9/28/2021 4:00,3.1147,,,,,
9/28/2021 3:00,3.1007,,,,,
9/28/2021 2:00,3.0799,,,,,
9/28/2021 1:00,3.0683,,,,,
9/28/2021 0:00,3.0389,,,,,
9/27/2021 23:00,3.0262,,,,,
9/27/2021 22:00,3.0118,,,,,
9/27/2021 21:00,2.972,,,,,
9/27/2021 20:00,2.9199,,,,,
9/27/2021 19:00,2.9098,,,,,
9/27/2021 18:00,2.9159,,,,,
9/27/2021 17:00,2.8894,,,,,
9/27/2021 16:00,2.8402,,,,,
9/27/2021 15:00,2.7964,,,,,
9/27/2021 14:00,2.7695,,,,,
9/27/2021 13:00,2.7363,,,,,
9/27/2021 12:00,2.6731,,,,,
9/27/2021 11:00,2.5993,,,,,
9/27/2021 10:00,2.5456,,,,,
9/27/2021 9:00,2.5231,,,,,
9/27/2021 8:00,2.5166,,,,,
9/27/2021 7:00,2.4999,,,,,
9/27/2021 6:00,2.4567,,,,,
9/27/2021 5:00,2.4184,,,,,
9/27/2021 4:00,2.3923,,,,,
9/27/2021 3:00,2.3824,,,,,
9/27/2021 2:00,2.3304,,,,,
9/27/2021 1:00,2.2557,,,,,
9/27/2021 0:00,2.1601,,,,,
9/26/2021 23:00,2.0434,,,,,
9/26/2021 22:00,1.9253,,,,,
9/26/2021 21:00,1.8029,,,,,
9/26/2021 20:00,1.7091,,,,,
9/26/2021 19:00,1.638,,,,,
9/26/2021 18:00,1.5837,,,,,
9/26/2021 17:00,1.549,,,,,
9/26/2021 16:00,1.5197,,,,,
9/26/2021 15:00,1.5008,,,,,
9/26/2021 14:00,1.4829,,,,,
9/26/2021 13:00,1.4702,,,,,
9/26/2021 12:00,1.4582,,,,,
9/26/2021 11:00,1.4443,,,,,
9/26/2021 10:00,1.4359,,,,,
9/26/2021 9:00,1.4265,,,,,
9/26/2021 8:00,1.4208,,,,,
9/26/2021 7:00,1.4179,,,,,
9/26/2021 6:00,1.4114,,,,,
9/26/2021 5:00,1.4088,,,,,
9/26/2021 4:00,1.4093,,,,,
9/26/2021 3:00,1.41,,,,,
9/26/2021 2:00,1.4104,,,,,
9/26/2021 1:00,1.4125,,,,,
9/26/2021 0:00,1.4132,,,,,
9/25/2021 23:00,1.4158,,,,,
9/25/2021 22:00,1.4155,,,,,
9/25/2021 21:00,1.418,,,,,
9/25/2021 20:00,1.4188,,,,,
9/25/2021 19:00,1.4203,,,,,
9/25/2021 18:00,1.4239,,,,,
9/25/2021 17:00,1.4229,,,,,
9/25/2021 16:00,1.4255,,,,,
9/25/2021 15:00,1.423,,,,,
9/25/2021 14:00,1.4277,,,,,
9/25/2021 13:00,1.4284,,,,,
9/25/2021 12:00,1.4261,,,,,
9/25/2021 11:00,1.4281,,,,,
9/25/2021 10:00,1.4298,,,,,
9/25/2021 9:00,1.4314,,,,,
9/25/2021 8:00,1.4313,,,,,
9/25/2021 7:00,1.4334,,,,,
9/25/2021 6:00,1.4357,,,,,
9/25/2021 5:00,1.437,,,,,
9/25/2021 4:00,1.4382,,,,,
9/25/2021 3:00,1.4392,,,,,
9/25/2021 2:00,1.441,,,,,
9/25/2021 1:00,1.443,,,,,
9/25/2021 0:00,1.4448,,,,,
9/24/2021 23:00,1.4466,,,,,
9/24/2021 22:00,1.4478,,,,,
9/24/2021 21:00,1.4495,,,,,
9/24/2021 20:00,1.4518,,,,,
9/24/2021 19:00,1.4529,,,,,
9/24/2021 18:00,1.4554,,,,,
9/24/2021 17:00,1.4564,,,,,
9/24/2021 16:00,1.4595,,,,,
9/24/2021 15:00,1.4575,,,,,
9/24/2021 14:00,1.4615,,,,,
9/24/2021 13:00,1.459,,,,,
9/24/2021 12:00,1.4595,,,,,
9/24/2021 11:00,1.4679,,,,,
9/24/2021 10:00,1.4636,,,,,
9/24/2021 9:00,1.4638,,,,,
9/24/2021 8:00,1.4694,,,,,
9/24/2021 7:00,1.4716,,,,,
9/24/2021 6:00,1.4732,,,,,
9/24/2021 5:00,1.4751,,,,,
9/24/2021 4:00,1.4778,,,,,
9/24/2021 3:00,1.4795,,,,,
9/24/2021 2:00,1.4815,,,,,
9/24/2021 1:00,1.4841,,,,,
9/24/2021 0:00,1.4853,,,,,
9/23/2021 23:00,1.4886,,,,,
9/23/2021 22:00,1.4908,,,,,
9/23/2021 21:00,1.4929,,,,,
9/23/2021 20:00,1.4951,,,,,
9/23/2021 19:00,1.4977,,,,,
9/23/2021 18:00,1.5001,,,,,
9/23/2021 17:00,1.5021,,,,,
9/23/2021 16:00,1.5057,,,,,
9/23/2021 15:00,1.5102,,,,,
9/23/2021 14:00,1.5105,,,,,
9/23/2021 13:00,1.513,,,,,
9/23/2021 12:00,1.5158,,,,,
9/23/2021 11:00,1.5134,,,,,
9/23/2021 10:00,1.5151,,,,,
9/23/2021 9:00,1.5199,,,,,
9/23/2021 8:00,1.5231,,,,,
9/23/2021 7:00,1.5258,,,,,
9/23/2021 6:00,1.5286,,,,,
9/23/2021 5:00,1.5317,,,,,
9/23/2021 4:00,1.5344,,,,,
9/23/2021 3:00,1.5373,,,,,
9/23/2021 2:00,1.5396,,,,,
9/23/2021 1:00,1.5437,,,,,
9/23/2021 0:00,1.5468,,,,,
9/22/2021 23:00,1.55,,,,,
9/22/2021 22:00,1.5528,,,,,
9/22/2021 21:00,1.5567,,,,,
9/22/2021 20:00,1.5592,,,,,
9/22/2021 19:00,1.5645,,,,,
9/22/2021 18:00,1.5688,,,,,
9/22/2021 17:00,1.5705,,,,,
9/22/2021 16:00,1.5773,,,,,
9/22/2021 15:00,1.5804,,,,,
9/22/2021 14:00,1.5842,,,,,
9/22/2021 13:00,1.5808,,,,,
9/22/2021 12:00,1.5791,,,,,
9/22/2021 11:00,1.5907,,,,,
9/22/2021 10:00,1.5937,,,,,
9/22/2021 9:00,1.5975,,,,,
9/22/2021 8:00,1.6022,,,,,
9/22/2021 7:00,1.6062,,,,,
9/22/2021 6:00,1.6104,,,,,
9/22/2021 5:00,1.614,,,,,
9/22/2021 4:00,1.6172,,,,,
9/22/2021 3:00,1.6224,,,,,
9/22/2021 2:00,1.6272,,,,,
9/22/2021 1:00,1.6321,,,,,
9/22/2021 0:00,1.6372,,,,,
9/21/2021 23:00,1.6418,,,,,
9/21/2021 22:00,1.6473,,,,,
9/21/2021 21:00,1.6519,,,,,
9/21/2021 20:00,1.6569,,,,,
9/21/2021 19:00,1.6634,,,,,
9/21/2021 18:00,1.6694,,,,,
9/21/2021 17:00,1.6751,,,,,
9/21/2021 16:00,1.6823,,,,,
9/21/2021 15:00,1.689,,,,,
9/21/2021 14:00,1.6908,,,,,
9/21/2021 13:00,1.6914,,,,,
9/21/2021 12:00,1.7041,,,,,
9/21/2021 11:00,1.7052,,,,,
9/21/2021 10:00,1.7148,,,,,
9/21/2021 9:00,1.7178,,,,,
9/21/2021 8:00,1.7279,,,,,
9/21/2021 7:00,1.7347,,,,,
9/21/2021 6:00,1.7415,,,,,
9/21/2021 5:00,1.7499,,,,,
9/21/2021 4:00,1.7583,,,,,
9/21/2021 3:00,1.7652,,,,,
9/21/2021 2:00,1.7741,,,,,
9/21/2021 1:00,1.7826,,,,,
9/21/2021 0:00,1.7904,,,,,
9/20/2021 23:00,1.8003,,,,,
9/20/2021 22:00,1.8098,,,,,
9/20/2021 21:00,1.8202,,,,,
9/20/2021 20:00,1.8307,,,,,
9/20/2021 19:00,1.8419,,,,,
9/20/2021 18:00,1.8537,,,,,
9/20/2021 17:00,1.8649,,,,,
9/20/2021 16:00,1.8771,,,,,
9/20/2021 15:00,1.8891,,,,,
9/20/2021 14:00,1.9013,,,,,
9/20/2021 13:00,1.9131,,,,,
9/20/2021 12:00,1.9263,,,,,
9/20/2021 11:00,1.9409,,,,,
9/20/2021 10:00,1.9555,,,,,
9/20/2021 9:00,1.9733,,,,,
9/20/2021 8:00,1.9875,,,,,
9/20/2021 7:00,2.0047,,,,,
9/20/2021 6:00,2.0209,,,,,
9/20/2021 5:00,2.0385,,,,,
9/20/2021 4:00,2.0557,,,,,
9/20/2021 3:00,2.074,,,,,
9/20/2021 2:00,2.0896,,,,,
9/20/2021 1:00,2.1053,,,,,
9/20/2021 0:00,2.1222,,,,,
9/19/2021 23:00,2.1356,,,,,
9/19/2021 22:00,2.1473,,,,,
9/19/2021 21:00,2.1539,,,,,
9/19/2021 20:00,2.1571,,,,,
9/19/2021 19:00,2.1747,,,,,
9/19/2021 18:00,2.1899,,,,,
9/19/2021 17:00,2.2098,,,,,
9/19/2021 16:00,2.2304,,,,,
9/19/2021 15:00,2.2583,,,,,
9/19/2021 14:00,2.2793,,,,,
9/19/2021 13:00,2.2992,,,,,
9/19/2021 12:00,2.3374,,,,,
9/19/2021 11:00,2.3639,,,,,
9/19/2021 10:00,2.3929,,,,,
9/19/2021 9:00,2.4239,,,,,
9/19/2021 8:00,2.4507,,,,,
9/19/2021 7:00,2.4712,,,,,
9/19/2021 6:00,2.4825,,,,,
9/19/2021 5:00,2.4927,,,,,
9/19/2021 4:00,2.4929,,,,,
9/19/2021 3:00,2.4865,,,,,
9/19/2021 2:00,2.4546,,,,,
9/19/2021 1:00,2.4291,,,,,
9/19/2021 0:00,2.3741,,,,,
9/18/2021 23:00,2.3232,,,,,
9/18/2021 22:00,2.3207,,,,,
9/18/2021 21:00,2.3065,,,,,
9/18/2021 20:00,2.3037,,,,,
9/18/2021 19:00,2.3223,,,,,
9/18/2021 18:00,2.3595,,,,,
9/18/2021 17:00,2.4,,,,,
9/18/2021 16:00,2.4484,,,,,
9/18/2021 15:00,2.4975,,,,,
9/18/2021 14:00,2.5676,,,,,
9/18/2021 13:00,2.6208,,,,,
9/18/2021 12:00,2.6855,,,,,
9/18/2021 11:00,2.7694,,,,,
9/18/2021 10:00,2.8733,,,,,
9/18/2021 9:00,2.9817,,,,,
9/18/2021 8:00,3.112,,,,,
9/18/2021 7:00,3.2371,,,,,
9/18/2021 6:00,3.3688,,,,,
9/18/2021 5:00,3.49,,,,,
9/18/2021 4:00,3.571,,,,,
9/18/2021 3:00,3.6652,,,,,
9/18/2021 2:00,3.7084,,,,,
9/18/2021 1:00,3.7007,,,,,
9/18/2021 0:00,3.6287,,,,,
9/17/2021 23:00,3.5274,,,,,
9/17/2021 22:00,3.434,,,,,
9/17/2021 21:00,3.3142,,,,,
9/17/2021 20:00,3.19,,,,,
9/17/2021 19:00,3.0964,,,,,
9/17/2021 18:00,2.9065,,,,,
9/17/2021 17:00,2.5849,,,,,
9/17/2021 16:00,2.2116,,,,,
9/17/2021 15:00,1.7633,,,,,
9/17/2021 14:00,1.5023,,,,,
9/17/2021 13:00,1.372,,,,,
9/17/2021 12:00,1.2874,,,,,
9/17/2021 11:00,1.2471,,,,,
9/17/2021 10:00,1.2284,,,,,
9/17/2021 9:00,1.2168,,,,,
9/17/2021 8:00,1.2075,,,,,
9/17/2021 7:00,1.2031,,,,,
9/17/2021 6:00,1.1993,,,,,
9/17/2021 5:00,1.1942,,,,,
9/17/2021 4:00,1.1897,,,,,
9/17/2021 3:00,1.188,,,,,
9/17/2021 2:00,1.1871,,,,,
9/17/2021 1:00,1.1876,,,,,
9/17/2021 0:00,1.1881,,,,,
9/16/2021 23:00,1.1898,,,,,
9/16/2021 22:00,1.191,,,,,
9/16/2021 21:00,1.19,,,,,
9/16/2021 20:00,1.1934,,,,,
9/16/2021 19:00,1.1948,,,,,
9/16/2021 18:00,1.1958,,,,,
9/16/2021 17:00,1.1972,,,,,
9/16/2021 16:00,1.1989,,,,,
9/16/2021 15:00,1.1954,,,,,
9/16/2021 14:00,1.1973,,,,,
9/16/2021 13:00,1.2009,,,,,
9/16/2021 12:00,1.2032,,,,,
9/16/2021 11:00,1.2,,,,,
9/16/2021 10:00,1.1993,,,,,
9/16/2021 9:00,1.2029,,,,,
9/16/2021 8:00,1.2048,,,,,
9/16/2021 7:00,1.207,,,,,
9/16/2021 6:00,1.208,,,,,
9/16/2021 5:00,1.2092,,,,,
9/16/2021 4:00,1.2108,,,,,
9/16/2021 3:00,1.2116,,,,,
9/16/2021 2:00,1.2124,,,,,
9/16/2021 1:00,1.2132,,,,,
9/16/2021 0:00,1.2144,,,,,
9/15/2021 23:00,1.2143,,,,,
9/15/2021 22:00,1.2151,,,,,
9/15/2021 21:00,1.2155,,,,,
9/15/2021 20:00,1.2157,,,,,
9/15/2021 19:00,1.2155,,,,,
9/15/2021 18:00,1.2156,,,,,
9/15/2021 17:00,1.215,,,,,
9/15/2021 16:00,1.2178,,,,,
9/15/2021 15:00,1.2175,,,,,
9/15/2021 14:00,1.2125,,,,,
9/15/2021 13:00,1.2078,,,,,
9/15/2021 12:00,1.2077,,,,,
9/15/2021 11:00,1.2028,,,,,
9/15/2021 10:00,1.1963,,,,,
9/15/2021 9:00,1.1992,,,,,
9/15/2021 8:00,1.1956,,,,,
9/15/2021 7:00,1.1931,,,,,
9/15/2021 6:00,1.1902,,,,,
9/15/2021 5:00,1.1881,,,,,
9/15/2021 4:00,1.1854,,,,,
9/15/2021 3:00,1.1852,,,,,
9/15/2021 2:00,1.1843,,,,,
9/15/2021 1:00,1.1839,,,,,
9/15/2021 0:00,1.1833,,,,,
9/14/2021 23:00,1.1825,,,,,
9/14/2021 22:00,1.1818,,,,,
9/14/2021 21:00,1.1817,,,,,
9/14/2021 20:00,1.1808,,,,,
9/14/2021 19:00,1.1804,,,,,
9/14/2021 18:00,1.1801,,,,,
9/14/2021 17:00,1.1799,,,,,
9/14/2021 16:00,1.1792,,,,,
9/14/2021 15:00,1.1788,,,,,
9/14/2021 14:00,1.1762,,,,,
9/14/2021 13:00,1.1773,,,,,
9/14/2021 12:00,1.1788,,,,,
9/14/2021 11:00,1.179,,,,,
9/14/2021 10:00,1.1734,,,,,
9/14/2021 9:00,1.1749,,,,,
9/14/2021 8:00,1.1776,,,,,
9/14/2021 7:00,1.1783,,,,,
9/14/2021 6:00,1.1794,,,,,
9/14/2021 5:00,1.18,,,,,
9/14/2021 4:00,1.1811,,,,,
9/14/2021 3:00,1.182,,,,,
9/14/2021 2:00,1.1834,,,,,
9/14/2021 1:00,1.1842,,,,,
9/14/2021 0:00,1.1858,,,,,
9/13/2021 23:00,1.1874,,,,,
9/13/2021 22:00,1.1884,,,,,
9/13/2021 21:00,1.1895,,,,,
9/13/2021 20:00,1.191,,,,,
9/13/2021 19:00,1.1923,,,,,
9/13/2021 18:00,1.193,,,,,
9/13/2021 17:00,1.1963,,,,,
9/13/2021 16:00,1.1941,,,,,
9/13/2021 15:00,1.1992,,,,,
9/13/2021 14:00,1.2075,,,,,
9/13/2021 13:00,1.1967,,,,,
9/13/2021 12:00,1.2047,,,,,
9/13/2021 11:00,1.1991,,,,,
9/13/2021 10:00,1.1996,,,,,
9/13/2021 9:00,1.1994,,,,,
9/13/2021 8:00,1.2009,,,,,
9/13/2021 7:00,1.2018,,,,,
9/13/2021 6:00,1.2025,,,,,
9/13/2021 5:00,1.2027,,,,,
9/13/2021 4:00,1.2033,,,,,
9/13/2021 3:00,1.2039,,,,,
9/13/2021 2:00,1.2042,,,,,
9/13/2021 1:00,1.205,,,,,
9/13/2021 0:00,1.2051,,,,,
9/12/2021 23:00,1.2048,,,,,
9/12/2021 22:00,1.2049,,,,,
9/12/2021 21:00,1.2031,,,,,
9/12/2021 20:00,1.2015,,,,,
9/12/2021 18:00,1.193,,,,,
9/12/2021 17:00,1.1922,,,,,
9/12/2021 16:00,1.1897,,,,,
9/12/2021 15:00,1.1852,,,,,
9/12/2021 14:00,1.1865,,,,,
9/12/2021 13:00,1.1832,,,,,
9/12/2021 12:00,1.1856,,,,,
9/12/2021 11:00,1.1844,,,,,
9/12/2021 10:00,1.1809,,,,,
9/12/2021 9:00,1.184,,,,,
9/12/2021 8:00,1.1831,,,,,
9/12/2021 7:00,1.183,,,,,
9/12/2021 6:00,1.1815,,,,,
9/12/2021 5:00,1.1781,,,,,
9/12/2021 4:00,1.1744,,,,,
9/12/2021 3:00,1.1694,,,,,
9/12/2021 2:00,1.1649,,,,,
9/12/2021 1:00,1.1619,,,,,
9/12/2021 0:00,1.1604,,,,,
9/11/2021 23:00,1.1583,,,,,
9/11/2021 22:00,1.1565,,,,,
9/11/2021 21:00,1.1558,,,,,
9/11/2021 20:00,1.1542,,,,,
9/11/2021 19:00,1.1529,,,,,
9/11/2021 18:00,1.1517,,,,,
9/11/2021 17:00,1.1497,,,,,
9/11/2021 16:00,1.1482,,,,,
9/11/2021 15:00,1.1467,,,,,
9/11/2021 14:00,1.1448,,,,,
9/11/2021 13:00,1.1413,,,,,
9/11/2021 12:00,1.1404,,,,,
9/11/2021 11:00,1.1396,,,,,
9/11/2021 10:00,1.1383,,,,,
9/11/2021 9:00,1.1371,,,,,
9/11/2021 8:00,1.1359,,,,,
9/11/2021 7:00,1.1363,,,,,
9/11/2021 5:00,1.1366,,,,,
9/11/2021 4:00,1.1371,,,,,
9/11/2021 3:00,1.1379,,,,,
9/11/2021 2:00,1.139,,,,,
9/11/2021 1:00,1.1393,,,,,
9/11/2021 0:00,1.1396,,,,,
9/10/2021 23:00,1.1387,,,,,
9/10/2021 22:00,1.137,,,,,
9/10/2021 21:00,1.1367,,,,,
9/10/2021 20:00,1.1381,,,,,
9/10/2021 19:00,1.1382,,,,,
9/10/2021 18:00,1.1381,,,,,
9/10/2021 17:00,1.1389,,,,,
9/10/2021 16:00,1.1396,,,,,
9/10/2021 15:00,1.1429,,,,,
9/10/2021 14:00,1.1331,,,,,
9/10/2021 13:00,1.1341,,,,,
9/10/2021 12:00,1.14,,,,,
9/10/2021 11:00,1.1351,,,,,
9/10/2021 10:00,1.1373,,,,,
9/10/2021 9:00,1.1371,,,,,
9/10/2021 8:00,1.1376,,,,,
9/10/2021 7:00,1.1385,,,,,
9/10/2021 6:00,1.1387,,,,,
9/10/2021 5:00,1.1387,,,,,
9/10/2021 4:00,1.1391,,,,,
9/10/2021 3:00,1.1391,,,,,
9/10/2021 2:00,1.1394,,,,,
9/10/2021 1:00,1.1399,,,,,
9/10/2021 0:00,1.1405,,,,,
9/9/2021 23:00,1.1403,,,,,
9/9/2021 22:00,1.141,,,,,
9/9/2021 21:00,1.1413,,,,,
9/9/2021 20:00,1.1416,,,,,
9/9/2021 19:00,1.1413,,,,,
9/9/2021 18:00,1.1419,,,,,
9/9/2021 17:00,1.1419,,,,,
9/9/2021 16:00,1.1414,,,,,
9/9/2021 15:00,1.143,,,,,
9/9/2021 14:00,1.1435,,,,,
9/9/2021 13:00,1.1441,,,,,
9/9/2021 12:00,1.1423,,,,,
9/9/2021 11:00,1.1348,,,,,
9/9/2021 10:00,1.1409,,,,,
9/9/2021 9:00,1.1423,,,,,
9/9/2021 8:00,1.1425,,,,,
9/9/2021 7:00,1.1431,,,,,
9/9/2021 6:00,1.1431,,,,,
9/9/2021 5:00,1.1433,,,,,
9/9/2021 3:00,1.1437,,,,,
9/9/2021 2:00,1.1441,,,,,
9/9/2021 1:00,1.1445,,,,,
9/9/2021 0:00,1.1451,,,,,
9/8/2021 23:00,1.1456,,,,,
9/8/2021 22:00,1.1457,,,,,
9/8/2021 21:00,1.1466,,,,,
9/8/2021 20:00,1.1462,,,,,
9/8/2021 19:00,1.1461,,,,,
9/8/2021 18:00,1.1459,,,,,
9/8/2021 17:00,1.147,,,,,
9/8/2021 16:00,1.1466,,,,,
9/8/2021 15:00,1.1476,,,,,
9/8/2021 14:00,1.1478,,,,,
9/8/2021 13:00,1.1453,,,,,
9/8/2021 12:00,1.1463,,,,,
9/8/2021 11:00,1.1485,,,,,
9/8/2021 10:00,1.1461,,,,,
9/8/2021 9:00,1.1471,,,,,
9/8/2021 8:00,1.1475,,,,,
9/8/2021 7:00,1.1478,,,,,
9/8/2021 6:00,1.1476,,,,,
9/8/2021 5:00,1.148,,,,,
9/8/2021 4:00,1.1472,,,,,
9/8/2021 3:00,1.1472,,,,,
9/8/2021 2:00,1.1479,,,,,
9/8/2021 1:00,1.1486,,,,,
9/8/2021 0:00,1.1493,,,,,
9/7/2021 23:00,1.15,,,,,
9/7/2021 22:00,1.1505,,,,,
9/7/2021 21:00,1.1508,,,,,
9/7/2021 20:00,1.1516,,,,,
9/7/2021 19:00,1.153,,,,,
9/7/2021 18:00,1.1532,,,,,
9/7/2021 17:00,1.1543,,,,,
9/7/2021 16:00,1.1549,,,,,
9/7/2021 15:00,1.1551,,,,,
9/7/2021 14:00,1.1552,,,,,
9/7/2021 13:00,1.1547,,,,,
9/7/2021 12:00,1.1549,,,,,
9/7/2021 11:00,1.1503,,,,,
9/7/2021 10:00,1.1536,,,,,
9/7/2021 9:00,1.1496,,,,,
9/7/2021 8:00,1.1568,,,,,
9/7/2021 7:00,1.158,,,,,
9/7/2021 6:00,1.1589,,,,,
9/7/2021 5:00,1.1596,,,,,
9/7/2021 4:00,1.1603,,,,,
9/7/2021 3:00,1.1617,,,,,
9/7/2021 2:00,1.1624,,,,,
9/7/2021 1:00,1.1634,,,,,
9/7/2021 0:00,1.1644,,,,,
9/6/2021 23:00,1.1651,,,,,
9/6/2021 21:00,1.1674,,,,,
9/6/2021 20:00,1.169,,,,,
9/6/2021 19:00,1.1693,,,,,
9/6/2021 18:00,1.1703,,,,,
9/6/2021 17:00,1.1701,,,,,
9/6/2021 16:00,1.1733,,,,,
9/6/2021 15:00,1.178,,,,,
9/6/2021 14:00,1.1712,,,,,
9/6/2021 13:00,1.1726,,,,,
9/6/2021 12:00,1.1712,,,,,
9/6/2021 11:00,1.173,,,,,
9/6/2021 10:00,1.1719,,,,,
9/6/2021 9:00,1.1745,,,,,
9/6/2021 8:00,1.1752,,,,,
9/6/2021 7:00,1.1761,,,,,
9/6/2021 6:00,1.1769,,,,,
9/6/2021 5:00,1.1776,,,,,
9/6/2021 4:00,1.1786,,,,,
9/6/2021 3:00,1.1793,,,,,
9/6/2021 2:00,1.1798,,,,,
9/6/2021 1:00,1.1804,,,,,
9/5/2021 23:00,1.1824,,,,,
9/5/2021 22:00,1.1834,,,,,
9/5/2021 21:00,1.184,,,,,
9/5/2021 20:00,1.1844,,,,,
9/5/2021 19:00,1.1861,,,,,
9/5/2021 18:00,1.1864,,,,,
9/5/2021 17:00,1.1874,,,,,
9/5/2021 16:00,1.1877,,,,,
9/5/2021 15:00,1.1896,,,,,
9/5/2021 14:00,1.1882,,,,,
9/5/2021 13:00,1.1894,,,,,
9/5/2021 12:00,1.1832,,,,,
9/5/2021 11:00,1.1886,,,,,
9/5/2021 10:00,1.1887,,,,,
9/5/2021 9:00,1.1883,,,,,
9/5/2021 8:00,1.189,,,,,
9/5/2021 7:00,1.1896,,,,,
9/5/2021 6:00,1.1895,,,,,
9/5/2021 5:00,1.1884,,,,,
9/5/2021 4:00,1.186,,,,,
9/5/2021 3:00,1.1826,,,,,
9/5/2021 2:00,1.1777,,,,,
9/5/2021 1:00,1.1718,,,,,
9/5/2021 0:00,1.1653,,,,,
9/4/2021 23:00,1.158,,,,,
9/4/2021 22:00,1.1533,,,,,
9/4/2021 21:00,1.1501,,,,,
9/4/2021 20:00,1.1451,,,,,
9/4/2021 19:00,1.1401,,,,,
9/4/2021 18:00,1.1356,,,,,
9/4/2021 17:00,1.1305,,,,,
9/4/2021 16:00,1.1295,,,,,
9/4/2021 15:00,1.1268,,,,,
9/4/2021 14:00,1.1214,,,,,
9/4/2021 13:00,1.113,,,,,
9/4/2021 12:00,1.111,,,,,
9/4/2021 11:00,1.1113,,,,,
9/4/2021 10:00,1.1095,,,,,
9/4/2021 9:00,1.1098,,,,,
9/4/2021 8:00,1.1101,,,,,
9/4/2021 7:00,1.1099,,,,,
9/4/2021 6:00,1.1105,,,,,
9/4/2021 5:00,1.1108,,,,,
9/4/2021 4:00,1.1105,,,,,
9/4/2021 3:00,1.1107,,,,,
9/4/2021 2:00,1.1107,,,,,
9/4/2021 1:00,1.111,,,,,
9/4/2021 0:00,1.1112,,,,,
9/3/2021 23:00,1.1106,,,,,
9/3/2021 22:00,1.1113,,,,,
9/3/2021 21:00,1.1115,,,,,
9/3/2021 20:00,1.1119,,,,,
9/3/2021 19:00,1.1123,,,,,
9/3/2021 18:00,1.1138,,,,,
9/3/2021 17:00,1.1124,,,,,
9/3/2021 16:00,1.1147,,,,,
9/3/2021 15:00,1.1108,,,,,
9/3/2021 14:00,1.1087,,,,,
9/3/2021 13:00,1.1107,,,,,
9/3/2021 12:00,1.1122,,,,,
9/3/2021 11:00,1.1109,,,,,
9/3/2021 10:00,1.1102,,,,,
9/3/2021 9:00,1.1105,,,,,
9/3/2021 8:00,1.1109,,,,,
9/3/2021 7:00,1.1116,,,,,
9/3/2021 6:00,1.1119,,,,,
9/3/2021 5:00,1.1114,,,,,
9/3/2021 4:00,1.1121,,,,,
9/3/2021 3:00,1.1122,,,,,
9/3/2021 2:00,1.1121,,,,,
9/3/2021 1:00,1.1125,,,,,
9/3/2021 0:00,1.1127,,,,,
9/2/2021 23:00,1.1134,,,,,
9/2/2021 22:00,1.1133,,,,,
9/2/2021 21:00,1.1137,,,,,
9/2/2021 20:00,1.1139,,,,,
9/2/2021 19:00,1.1144,,,,,
9/2/2021 18:00,1.1133,,,,,
9/2/2021 17:00,1.1149,,,,,
9/2/2021 16:00,1.1149,,,,,
9/2/2021 15:00,1.117,,,,,
9/2/2021 14:00,1.1162,,,,,
9/2/2021 13:00,1.1106,,,,,
9/2/2021 12:00,1.1115,,,,,
9/2/2021 11:00,1.1109,,,,,
9/2/2021 10:00,1.1101,,,,,
9/2/2021 9:00,1.1049,,,,,
9/2/2021 8:00,1.112,,,,,
9/2/2021 7:00,1.113,,,,,
9/2/2021 6:00,1.1132,,,,,
9/2/2021 5:00,1.1127,,,,,
9/2/2021 4:00,1.1133,,,,,
9/2/2021 3:00,1.1137,,,,,
9/2/2021 2:00,1.1133,,,,,
9/2/2021 1:00,1.1141,,,,,
9/2/2021 0:00,1.1147,,,,,
9/1/2021 23:00,1.1145,,,,,
9/1/2021 22:00,1.1148,,,,,
9/1/2021 21:00,1.1148,,,,,
9/1/2021 20:00,1.115,,,,,
9/1/2021 19:00,1.116,,,,,
9/1/2021 18:00,1.1156,,,,,
9/1/2021 17:00,1.1157,,,,,
9/1/2021 16:00,1.1186,,,,,
9/1/2021 15:00,1.1185,,,,,
9/1/2021 14:00,1.1161,,,,,
9/1/2021 13:00,1.1164,,,,,
9/1/2021 12:00,1.1158,,,,,
9/1/2021 11:00,1.108,,,,,
9/1/2021 10:00,1.1135,,,,,
9/1/2021 9:00,1.1061,,,,,
9/1/2021 8:00,1.113,,,,,
9/1/2021 6:00,1.1139,,,,,
9/1/2021 5:00,1.1144,,,,,
9/1/2021 4:00,1.1147,,,,,
9/1/2021 3:00,1.1148,,,,,
9/1/2021 2:00,1.1147,,,,,
9/1/2021 1:00,1.1155,,,,,
9/1/2021 0:00,1.1155,,,,,
8/31/2021 23:00,1.1161,,,,,
8/31/2021 22:00,1.1152,,,,,
8/31/2021 21:00,1.1158,,,,,
8/31/2021 20:00,1.117,,,,,
8/31/2021 19:00,1.1181,,,,,
8/31/2021 18:00,1.118,,,,,
8/31/2021 17:00,1.1169,,,,,
8/31/2021 16:00,1.1163,,,,,
8/31/2021 15:00,1.1169,,,,,
8/31/2021 14:00,1.1158,,,,,
8/31/2021 13:00,1.1158,,,,,
8/31/2021 12:00,1.1172,,,,,
8/31/2021 11:00,1.1152,,,,,
8/31/2021 10:00,1.11,,,,,
8/31/2021 9:00,1.1154,,,,,
8/31/2021 8:00,1.1149,,,,,
8/31/2021 7:00,1.1163,,,,,
8/31/2021 6:00,1.1158,,,,,
8/31/2021 5:00,1.1164,,,,,
8/31/2021 4:00,1.1159,,,,,
8/31/2021 3:00,1.1163,,,,,
8/31/2021 2:00,1.1163,,,,,
8/31/2021 1:00,1.1166,,,,,
8/31/2021 0:00,1.1168,,,,,
8/30/2021 23:00,1.1171,,,,,
8/30/2021 22:00,1.1173,,,,,
8/30/2021 21:00,1.1177,,,,,
8/30/2021 20:00,1.1181,,,,,
8/30/2021 19:00,1.1183,,,,,
8/30/2021 18:00,1.1184,,,,,
8/30/2021 17:00,1.1176,,,,,
8/30/2021 16:00,1.1167,,,,,
8/30/2021 15:00,1.118,,,,,
8/30/2021 14:00,1.1182,,,,,
8/30/2021 13:00,1.1192,,,,,
8/30/2021 12:00,1.122,,,,,
8/30/2021 11:00,1.1222,,,,,
8/30/2021 10:00,1.1194,,,,,
8/30/2021 9:00,1.1191,,,,,
8/30/2021 8:00,1.1204,,,,,
8/30/2021 7:00,1.1207,,,,,
8/30/2021 6:00,1.1206,,,,,
8/30/2021 5:00,1.1209,,,,,
8/30/2021 4:00,1.1212,,,,,
8/30/2021 3:00,1.1212,,,,,
8/30/2021 2:00,1.1212,,,,,
8/30/2021 1:00,1.1223,,,,,
8/30/2021 0:00,1.1226,,,,,
8/29/2021 23:00,1.123,,,,,
8/29/2021 22:00,1.1229,,,,,
8/29/2021 21:00,1.1233,,,,,
8/29/2021 20:00,1.124,,,,,
8/29/2021 19:00,1.1242,,,,,
8/29/2021 17:00,1.1263,,,,,
8/29/2021 16:00,1.1257,,,,,
8/29/2021 15:00,1.1284,,,,,
8/29/2021 14:00,1.1281,,,,,
8/29/2021 13:00,1.1247,,,,,
8/29/2021 12:00,1.1216,,,,,
8/29/2021 11:00,1.1239,,,,,
8/29/2021 10:00,1.1214,,,,,
8/29/2021 9:00,1.1217,,,,,
8/29/2021 8:00,1.1233,,,,,
8/29/2021 7:00,1.1237,,,,,
8/29/2021 6:00,1.1242,,,,,
8/29/2021 5:00,1.1246,,,,,
8/29/2021 4:00,1.1249,,,,,
8/29/2021 3:00,1.1255,,,,,
8/29/2021 2:00,1.1257,,,,,
8/29/2021 1:00,1.1259,,,,,
8/29/2021 0:00,1.1262,,,,,
8/28/2021 23:00,1.1265,,,,,
8/28/2021 22:00,1.1272,,,,,
8/28/2021 21:00,1.1276,,,,,
8/28/2021 20:00,1.1289,,,,,
8/28/2021 19:00,1.1299,,,,,
8/28/2021 18:00,1.1296,,,,,
8/28/2021 17:00,1.1302,,,,,
8/28/2021 16:00,1.1308,,,,,
8/28/2021 15:00,1.129,,,,,
8/28/2021 14:00,1.1311,,,,,
8/28/2021 13:00,1.1331,,,,,
8/28/2021 12:00,1.1365,,,,,
8/28/2021 11:00,1.1187,,,,,
8/28/2021 10:00,1.1241,,,,,
8/28/2021 9:00,1.126,,,,,
8/28/2021 8:00,1.1279,,,,,
8/28/2021 7:00,1.129,,,,,
8/28/2021 6:00,1.1292,,,,,
8/28/2021 5:00,1.1294,,,,,
8/28/2021 4:00,1.1298,,,,,
8/28/2021 3:00,1.13,,,,,
8/28/2021 2:00,1.1301,,,,,
8/28/2021 1:00,1.1304,,,,,
8/28/2021 0:00,1.1306,,,,,
8/27/2021 23:00,1.1301,,,,,
8/27/2021 22:00,1.1311,,,,,
8/27/2021 21:00,1.131,,,,,
8/27/2021 20:00,1.131,,,,,
8/27/2021 19:00,1.1319,,,,,
8/27/2021 18:00,1.1321,,,,,
8/27/2021 17:00,1.1344,,,,,
8/27/2021 16:00,1.1254,,,,,
8/27/2021 15:00,1.1285,,,,,
8/27/2021 14:00,1.1219,,,,,
8/27/2021 13:00,1.1294,,,,,
8/27/2021 12:00,1.1266,,,,,
8/27/2021 11:00,1.1263,,,,,
8/27/2021 10:00,1.1266,,,,,
8/27/2021 9:00,1.1264,,,,,
8/27/2021 8:00,1.1263,,,,,
8/27/2021 7:00,1.1262,,,,,
8/27/2021 6:00,1.1266,,,,,
8/27/2021 5:00,1.1268,,,,,
8/27/2021 4:00,1.1266,,,,,
8/27/2021 3:00,1.1266,,,,,
8/27/2021 2:00,1.1264,,,,,
8/27/2021 1:00,1.1263,,,,,
8/27/2021 0:00,1.127,,,,,
8/26/2021 23:00,1.1273,,,,,
8/26/2021 22:00,1.1271,,,,,
8/26/2021 21:00,1.1275,,,,,
8/26/2021 20:00,1.128,,,,,
8/26/2021 19:00,1.1276,,,,,
8/26/2021 18:00,1.1276,,,,,
8/26/2021 17:00,1.1277,,,,,
8/26/2021 16:00,1.1292,,,,,
8/26/2021 15:00,1.1275,,,,,
8/26/2021 14:00,1.1241,,,,,
8/26/2021 13:00,1.1199,,,,,
8/26/2021 12:00,1.1195,,,,,
8/26/2021 11:00,1.1175,,,,,
8/26/2021 9:00,1.1166,,,,,
8/26/2021 8:00,1.115,,,,,
8/26/2021 7:00,1.1147,,,,,
8/26/2021 6:00,1.115,,,,,
8/26/2021 5:00,1.1148,,,,,
8/26/2021 4:00,1.1147,,,,,
8/26/2021 3:00,1.1148,,,,,
8/26/2021 2:00,1.1148,,,,,
8/26/2021 1:00,1.1149,,,,,
8/26/2021 0:00,1.1147,,,,,
8/25/2021 23:00,1.1142,,,,,
8/25/2021 22:00,1.1148,,,,,
8/25/2021 21:00,1.1146,,,,,
8/25/2021 20:00,1.1158,,,,,
8/25/2021 19:00,1.1168,,,,,
8/25/2021 18:00,1.1171,,,,,
8/25/2021 17:00,1.1166,,,,,
8/25/2021 16:00,1.1155,,,,,
8/25/2021 15:00,1.1199,,,,,
8/25/2021 14:00,1.1125,,,,,
8/25/2021 13:00,1.1221,,,,,
8/25/2021 12:00,1.1113,,,,,
8/25/2021 11:00,1.1187,,,,,
8/25/2021 10:00,1.1158,,,,,
8/25/2021 9:00,1.1148,,,,,
8/25/2021 8:00,1.1146,,,,,
8/25/2021 7:00,1.1152,,,,,
8/25/2021 6:00,1.1157,,,,,
8/25/2021 5:00,1.1156,,,,,
8/25/2021 4:00,1.1159,,,,,
8/25/2021 3:00,1.1159,,,,,
8/25/2021 2:00,1.1162,,,,,
8/25/2021 1:00,1.1168,,,,,
8/25/2021 0:00,1.1166,,,,,
8/24/2021 23:00,1.1171,,,,,
8/24/2021 22:00,1.1175,,,,,
8/24/2021 21:00,1.1176,,,,,
8/24/2021 20:00,1.1177,,,,,
8/24/2021 19:00,1.1176,,,,,
8/24/2021 18:00,1.1173,,,,,
8/24/2021 17:00,1.1178,,,,,
8/24/2021 16:00,1.1203,,,,,
8/24/2021 15:00,1.1178,,,,,
8/24/2021 14:00,1.1177,,,,,
8/24/2021 13:00,1.1195,,,,,
8/24/2021 12:00,1.1129,,,,,
8/24/2021 11:00,1.1159,,,,,
8/24/2021 10:00,1.1133,,,,,
8/24/2021 9:00,1.1151,,,,,
8/24/2021 8:00,1.1153,,,,,
8/24/2021 7:00,1.1165,,,,,
8/24/2021 6:00,1.1167,,,,,
8/24/2021 5:00,1.1167,,,,,
8/24/2021 4:00,1.1173,,,,,
8/24/2021 3:00,1.1179,,,,,
8/24/2021 2:00,1.118,,,,,
8/24/2021 1:00,1.1174,,,,,
8/24/2021 0:00,1.1182,,,,,
8/23/2021 23:00,1.1187,,,,,
8/23/2021 22:00,1.1188,,,,,
8/23/2021 21:00,1.1189,,,,,
8/23/2021 20:00,1.1195,,,,,
8/23/2021 19:00,1.12,,,,,
8/23/2021 18:00,1.1199,,,,,
8/23/2021 17:00,1.1197,,,,,
8/23/2021 16:00,1.1218,,,,,
8/23/2021 15:00,1.1225,,,,,
8/23/2021 14:00,1.1227,,,,,
8/23/2021 13:00,1.1227,,,,,
8/23/2021 12:00,1.1202,,,,,
8/23/2021 11:00,1.1177,,,,,
8/23/2021 10:00,1.1167,,,,,
8/23/2021 9:00,1.1175,,,,,
8/23/2021 8:00,1.1174,,,,,
8/23/2021 7:00,1.118,,,,,
8/23/2021 6:00,1.1189,,,,,
8/23/2021 5:00,1.1182,,,,,
8/23/2021 4:00,1.1194,,,,,
8/23/2021 3:00,1.1191,,,,,
8/23/2021 2:00,1.1194,,,,,
8/23/2021 1:00,1.1198,,,,,
8/23/2021 0:00,1.1199,,,,,
8/22/2021 23:00,1.1205,,,,,
8/22/2021 22:00,1.1205,,,,,
8/22/2021 21:00,1.1208,,,,,
8/22/2021 20:00,1.1214,,,,,
8/22/2021 19:00,1.1233,,,,,
8/22/2021 18:00,1.1198,,,,,
8/22/2021 17:00,1.1235,,,,,
8/22/2021 16:00,1.1226,,,,,
8/22/2021 15:00,1.1144,,,,,
8/22/2021 14:00,1.122,,,,,
8/22/2021 13:00,1.1123,,,,,
8/22/2021 12:00,1.1201,,,,,
8/22/2021 11:00,1.1187,,,,,
8/22/2021 10:00,1.1198,,,,,
8/22/2021 9:00,1.1205,,,,,
8/22/2021 8:00,1.1206,,,,,
8/22/2021 7:00,1.121,,,,,
8/22/2021 6:00,1.1213,,,,,
8/22/2021 5:00,1.121,,,,,
8/22/2021 4:00,1.1217,,,,,
8/22/2021 3:00,1.1218,,,,,
8/22/2021 2:00,1.1214,,,,,
8/22/2021 1:00,1.1222,,,,,
8/22/2021 0:00,1.122,,,,,
8/21/2021 23:00,1.1226,,,,,
8/21/2021 22:00,1.1234,,,,,
8/21/2021 21:00,1.1246,,,,,
8/21/2021 20:00,1.1255,,,,,
8/21/2021 19:00,1.1244,,,,,
8/21/2021 18:00,1.1271,,,,,
8/21/2021 17:00,1.1237,,,,,
8/21/2021 16:00,1.1258,,,,,
8/21/2021 15:00,1.1203,,,,,
8/21/2021 14:00,1.119,,,,,
8/21/2021 13:00,1.1266,,,,,
8/21/2021 12:00,1.125,,,,,
8/21/2021 11:00,1.1215,,,,,
8/21/2021 10:00,1.1192,,,,,
8/21/2021 9:00,1.1222,,,,,
8/21/2021 8:00,1.1229,,,,,
8/21/2021 7:00,1.1228,,,,,
8/21/2021 6:00,1.123,,,,,
8/21/2021 5:00,1.1236,,,,,
8/21/2021 4:00,1.1232,,,,,
8/21/2021 3:00,1.1235,,,,,
8/21/2021 2:00,1.1239,,,,,
8/21/2021 1:00,1.1238,,,,,
8/21/2021 0:00,1.1238,,,,,
8/20/2021 23:00,1.1239,,,,,
8/20/2021 22:00,1.1246,,,,,
8/20/2021 21:00,1.1246,,,,,
8/20/2021 20:00,1.1255,,,,,
8/20/2021 19:00,1.1261,,,,,
8/20/2021 18:00,1.1265,,,,,
8/20/2021 17:00,1.1268,,,,,
8/20/2021 16:00,1.1281,,,,,
8/20/2021 15:00,1.1246,,,,,
8/20/2021 14:00,1.1279,,,,,
8/20/2021 13:00,1.1275,,,,,
8/20/2021 12:00,1.1253,,,,,
8/20/2021 11:00,1.1243,,,,,
8/20/2021 10:00,1.1234,,,,,
8/20/2021 9:00,1.1249,,,,,
8/20/2021 8:00,1.1246,,,,,
8/20/2021 7:00,1.1251,,,,,
8/20/2021 6:00,1.1255,,,,,
8/20/2021 5:00,1.1255,,,,,
8/20/2021 4:00,1.1261,,,,,
8/20/2021 3:00,1.1257,,,,,
8/20/2021 2:00,1.1267,,,,,
8/20/2021 1:00,1.126,,,,,
8/20/2021 0:00,1.1259,,,,,
8/19/2021 23:00,1.1261,,,,,
8/19/2021 22:00,1.1267,,,,,
8/19/2021 21:00,1.1274,,,,,
8/19/2021 20:00,1.1278,,,,,
8/19/2021 19:00,1.1293,,,,,
8/19/2021 18:00,1.1279,,,,,
8/19/2021 17:00,1.1287,,,,,
8/19/2021 16:00,1.1267,,,,,
8/19/2021 15:00,1.1274,,,,,
8/19/2021 14:00,1.1287,,,,,
8/19/2021 13:00,1.1271,,,,,
8/19/2021 12:00,1.1262,,,,,
8/19/2021 11:00,1.1257,,,,,
8/19/2021 10:00,1.1272,,,,,
8/19/2021 9:00,1.1265,,,,,
8/19/2021 8:00,1.1259,,,,,
8/19/2021 7:00,1.1269,,,,,
8/19/2021 6:00,1.1269,,,,,
8/19/2021 5:00,1.1272,,,,,
8/19/2021 4:00,1.1268,,,,,
8/19/2021 3:00,1.1277,,,,,
8/19/2021 2:00,1.1279,,,,,
8/19/2021 1:00,1.1291,,,,,
8/19/2021 0:00,1.1278,,,,,
8/18/2021 23:00,1.1286,,,,,
8/18/2021 22:00,1.1284,,,,,
8/18/2021 21:00,1.1292,,,,,
8/18/2021 20:00,1.1301,,,,,
8/18/2021 19:00,1.1301,,,,,
8/18/2021 18:00,1.1308,,,,,
8/18/2021 17:00,1.133,,,,,
8/18/2021 15:00,1.1297,,,,,
8/18/2021 14:00,1.1303,,,,,
8/18/2021 13:00,1.1301,,,,,
8/18/2021 12:00,1.1262,,,,,
8/18/2021 11:00,1.1304,,,,,
8/18/2021 10:00,1.1262,,,,,
8/18/2021 9:00,1.1288,,,,,
8/18/2021 8:00,1.1297,,,,,
8/18/2021 7:00,1.1292,,,,,
8/18/2021 6:00,1.1294,,,,,
8/18/2021 5:00,1.1302,,,,,
8/18/2021 4:00,1.1306,,,,,
8/18/2021 3:00,1.1305,,,,,
8/18/2021 2:00,1.1307,,,,,
8/18/2021 1:00,1.1314,,,,,
8/18/2021 0:00,1.131,,,,,
8/17/2021 23:00,1.1311,,,,,
8/17/2021 22:00,1.1317,,,,,
8/17/2021 21:00,1.1317,,,,,
8/17/2021 20:00,1.1314,,,,,
8/17/2021 19:00,1.1318,,,,,
8/17/2021 18:00,1.1332,,,,,
8/17/2021 17:00,1.134,,,,,
8/17/2021 16:00,1.132,,,,,
8/17/2021 15:00,1.133,,,,,
8/17/2021 14:00,1.1315,,,,,
8/17/2021 13:00,1.1317,,,,,
8/17/2021 12:00,1.1286,,,,,
8/17/2021 11:00,1.1298,,,,,
8/17/2021 10:00,1.1283,,,,,
8/17/2021 9:00,1.1298,,,,,
8/17/2021 8:00,1.1298,,,,,
8/17/2021 7:00,1.13,,,,,
8/17/2021 6:00,1.1303,,,,,
8/17/2021 5:00,1.1301,,,,,
8/17/2021 4:00,1.1299,,,,,
8/17/2021 3:00,1.1301,,,,,
8/17/2021 2:00,1.1307,,,,,
8/17/2021 1:00,1.1314,,,,,
8/17/2021 0:00,1.1314,,,,,
8/16/2021 23:00,1.1313,,,,,
8/16/2021 22:00,1.1316,,,,,
8/16/2021 21:00,1.1317,,,,,
8/16/2021 20:00,1.1323,,,,,
8/16/2021 19:00,1.1328,,,,,
8/16/2021 18:00,1.1317,,,,,
8/16/2021 17:00,1.1327,,,,,
8/16/2021 16:00,1.1311,,,,,
8/16/2021 15:00,1.1318,,,,,
8/16/2021 14:00,1.1319,,,,,
8/16/2021 13:00,1.1331,,,,,
8/16/2021 12:00,1.1324,,,,,
8/16/2021 11:00,1.1325,,,,,
8/16/2021 10:00,1.1319,,,,,
8/16/2021 9:00,1.132,,,,,
8/16/2021 8:00,1.131,,,,,
8/16/2021 7:00,1.1312,,,,,
8/16/2021 6:00,1.1307,,,,,
8/16/2021 5:00,1.1312,,,,,
8/16/2021 3:00,1.1322,,,,,
8/16/2021 2:00,1.132,,,,,
8/16/2021 1:00,1.1317,,,,,
8/16/2021 0:00,1.1322,,,,,
8/15/2021 23:00,1.1319,,,,,
8/15/2021 22:00,1.1332,,,,,
8/15/2021 21:00,1.1328,,,,,
8/15/2021 20:00,1.1345,,,,,
8/15/2021 19:00,1.1347,,,,,
8/15/2021 18:00,1.1322,,,,,
8/15/2021 17:00,1.1332,,,,,
8/15/2021 16:00,1.1322,,,,,
8/15/2021 15:00,1.1338,,,,,
8/15/2021 14:00,1.1338,,,,,
8/15/2021 13:00,1.1345,,,,,
8/15/2021 12:00,1.1322,,,,,
8/15/2021 11:00,1.132,,,,,
8/15/2021 10:00,1.1324,,,,,
8/15/2021 9:00,1.1327,,,,,
8/15/2021 7:00,1.1327,,,,,
8/15/2021 6:00,1.1332,,,,,
8/15/2021 5:00,1.1329,,,,,
8/15/2021 3:00,1.1336,,,,,
8/15/2021 2:00,1.1339,,,,,
8/15/2021 1:00,1.1344,,,,,
8/15/2021 0:00,1.1345,,,,,
8/14/2021 23:00,1.1346,,,,,
8/14/2021 22:00,1.1352,,,,,
8/14/2021 21:00,1.1358,,,,,
8/14/2021 20:00,1.1356,,,,,
8/14/2021 19:00,1.1361,,,,,
8/14/2021 18:00,1.1359,,,,,
8/14/2021 17:00,1.1367,,,,,
8/14/2021 16:00,1.1361,,,,,
8/14/2021 15:00,1.1384,,,,,
8/14/2021 14:00,1.1421,,,,,
8/14/2021 13:00,1.1351,,,,,
8/14/2021 12:00,1.1364,,,,,
8/14/2021 11:00,1.133,,,,,
8/14/2021 10:00,1.1329,,,,,
8/14/2021 9:00,1.1352,,,,,
8/14/2021 8:00,1.1359,,,,,
8/14/2021 7:00,1.1366,,,,,
8/14/2021 6:00,1.1367,,,,,
8/14/2021 5:00,1.1367,,,,,
8/14/2021 4:00,1.1366,,,,,
8/14/2021 3:00,1.1373,,,,,
8/14/2021 2:00,1.1378,,,,,
8/14/2021 1:00,1.1369,,,,,
8/14/2021 0:00,1.1381,,,,,
8/13/2021 23:00,1.138,,,,,
8/13/2021 22:00,1.1389,,,,,
8/13/2021 21:00,1.1391,,,,,
8/13/2021 20:00,1.1391,,,,,
8/13/2021 19:00,1.1396,,,,,
8/13/2021 18:00,1.1399,,,,,
8/13/2021 17:00,1.138,,,,,
8/13/2021 16:00,1.1394,,,,,
8/13/2021 15:00,1.1397,,,,,
8/13/2021 14:00,1.1398,,,,,
8/13/2021 13:00,1.1399,,,,,
8/13/2021 12:00,1.1397,,,,,
8/13/2021 11:00,1.1393,,,,,
8/13/2021 10:00,1.139,,,,,
8/13/2021 9:00,1.1392,,,,,
8/13/2021 8:00,1.1393,,,,,
8/13/2021 7:00,1.1395,,,,,
8/13/2021 6:00,1.1408,,,,,
8/13/2021 5:00,1.1408,,,,,
8/13/2021 4:00,1.1416,,,,,
8/13/2021 3:00,1.141,,,,,
8/13/2021 2:00,1.1415,,,,,
8/13/2021 1:00,1.1418,,,,,
8/13/2021 0:00,1.142,,,,,
8/12/2021 23:00,1.143,,,,,
8/12/2021 22:00,1.1437,,,,,
8/12/2021 21:00,1.1443,,,,,
8/12/2021 20:00,1.1448,,,,,
8/12/2021 19:00,1.1448,,,,,
8/12/2021 18:00,1.1446,,,,,
8/12/2021 17:00,1.1456,,,,,
8/12/2021 16:00,1.1594,,,,,
8/12/2021 15:00,1.1433,,,,,
8/12/2021 14:00,1.1404,,,,,
8/12/2021 13:00,1.1444,,,,,
8/12/2021 12:00,1.144,,,,,
8/12/2021 11:00,1.1404,,,,,
8/12/2021 10:00,1.1407,,,,,
8/12/2021 9:00,1.1428,,,,,
8/12/2021 8:00,1.1418,,,,,
8/12/2021 7:00,1.1424,,,,,
8/12/2021 6:00,1.1436,,,,,
8/12/2021 5:00,1.1432,,,,,
8/12/2021 4:00,1.1435,,,,,
8/12/2021 3:00,1.1434,,,,,
8/12/2021 2:00,1.1435,,,,,
8/12/2021 1:00,1.1439,,,,,
8/12/2021 0:00,1.1448,,,,,
8/11/2021 23:00,1.1449,,,,,
8/11/2021 22:00,1.1453,,,,,
8/11/2021 21:00,1.146,,,,,
8/11/2021 20:00,1.146,,,,,
8/11/2021 19:00,1.1455,,,,,
8/11/2021 18:00,1.1459,,,,,
8/11/2021 17:00,1.1463,,,,,
8/11/2021 16:00,1.1473,,,,,
8/11/2021 15:00,1.1464,,,,,
8/11/2021 15:00,1.15,,,,,
